thing,property,ships_count
DE#Thing,FOInletTemp,158
DE#Thing,Cy#ExhGasOutletTemp,1100
DE#Thing,RPM,154
DE#Thing,CFWOutletTemp,154
DE#Thing,FOInletPress,154
DE#Thing,ScavTemp,154
DE#Thing,ScavPress,150
DE#Thing,CFWInletPress,145
DE#Thing,CFWInletTemp,142
DE#Thing,LOInletTemp,137
DE#Thing,LOInletPress,133
DE#Thing,LTInletPress,106
DE#Thing,DoUse,55
DE#Thing,LTInletTemp,97
DE#Thing,FOFilterInletPress,89
DE#Thing,LOFilterInletPress,87
DE#Thing,LTOutletTemp,79
DE#Thing,SAPress,73
DE#Thing,LFOUse,24
DE#Thing,FGMassFlow,22
DE#Thing,GasMode,17
DE#Thing,FGPressure,16
DE#Thing,FGTemperature,16
DE#Thing,Load,14
DE#Thing,LoadPercent,13
DE#Thing,HFOUse,5
DE#Thing,RunningState,8
DE#Thing,CFWOutletTempA,3
DE#Thing,CFWOutletTempB,3
DE#Thing,CO#MassFlow,2
DE#Thing,CO#_percent,2
DE#Thing,Cyl#_Knock,18
DE#Thing,Cyl#_Pmax,18
DE#Thing,DieselMode,3
DE#Thing,FOFilter_In_Press,3
DE#Thing,FOViscosity,1
DE#Thing,FuelLoad,3
DE#Thing,_GE_#_Y_NO_#_GE_START_FAIL,2
DE#Thing,_GE_#_Y_NO_#_GE_SHD_PREWARNING,2
DE#Thing,_GE_#_Y_NO_#_GE_MOTOR_STARTER_COMM_ALM,2
DE#Thing,_GE_#_Y_NO_#_GE_SLOW_TURNING_PREWARNING,2
DE#Thing,_GE_#_Y_NO_#_GE_MAX_AVAILABLE_LOAD,2
DE#Thing,_GE_#_Y_NO_#_GE_BLK_OUT_START_MODE_ACTIVE,2
DE#Thing,GE#_CRANKCASE_PRESS,2
DE#Thing,GE#_EXH_GAS_TEMP_CYL_OUT_#_H_AL,18
DE#Thing,GE#_EXH_GAS_TEMP_TC_IN_H_AL,2
DE#Thing,GE#_EXH_GAS_TEMP_TC_OUT_H_AL,2
DE#Thing,GE#_FO_PRESS_FILTER_IN,2
DE#Thing,GE#_FUEL_MOD_ACTIVE_DIESEL_MOD_ST,2
DE#Thing,GE#_FUEL_MOD_ACTIVE_GAS_MOD_ST,2
DE#Thing,GE#_HT_WATER_TEMP_ENG_OUT_#_H_AL,4
DE#Thing,GE#_IG_PRESS_#,4
DE#Thing,GE#_KNOCK_TIME_RETARDATION_#_H_AL,18
DE#Thing,GE#_LO_PRESS_ENG_IN_#,2
DE#Thing,GE#_LO_PRESS_FILTER_IN,2
DE#Thing,GE#_LT_WATER_PRESS_AIR_CLR_IN,2
DE#Thing,GE#_LT_WATER_TEMP_AIR_CLR_IN,2
DE#Thing,GE#_LT_WATER_TEMP_AIR_CLR_OUT,2
DE#Thing,GE#_OPERATION_HOURS_BACKUP_MOD_X#,2
DE#Thing,GE#_OPERATION_HOURS_X#,2
DE#Thing,InletAirTemp,2
DE#Thing,LFOUseA,1
DE#Thing,LFOUseB,1
DE#Thing,LightFuelOilInUse,1
DE#Thing,LOFilter_In_Press,3
DE#Thing,LOOutletTemp,1
DE#Thing,LTWater_In_Press,3
DE#Thing,LTWater_In_Temp,3
DE#Thing,LTWater_Out_Temp,3
DE#Thing,NO#_CH#,2
DE#Thing,NO#_CH#_RATE,2
DE#Thing,NO#_CH#_TOTAL,2
DE#Thing,NO#_CO,2
DE#Thing,NO#_CO_RATE,2
DE#Thing,NO#_CO_TOTAL,2
DE#Thing,NO#_FUEL_TYPE,2
DE#Thing,NO#_G_E_BACKUP_MODE,2
DE#Thing,NO#_G_E_COMM_ALM,2
DE#Thing,NO#_G_E_SHD,2
DE#Thing,NO#_G_E_STBY_INDICATION,1
DE#Thing,NO#_G_E_STOP,1
DE#Thing,NO#_H#O,2
DE#Thing,NO#_NO,2
DE#Thing,NO#_NO#,2
DE#Thing,NO#_STACK_STATE,2
DE#Thing,NOXMassFlow,2
DE#Thing,NOX_Rate,2
DE#Thing,_PM_GE#_#_Y_GE#_CTRL_AIR_PRESS_DVT_INLET_PT#_,2
DE#Thing,_PM_GE#_#_ST_Y_GE#_EXH_GAS_VENT_SEQ_WAIT_FOR_ENG_FULLY_STOP_ST,2
DE#Thing,_PM_GE#_#_ST_Y_GE#_EXH_GAS_VENT_SEQUENCE_ST_ACTIVE_ST,2
DE#Thing,_PM_GE#_#_ST_Y_GE#_EXH_GAS_VENT_SEQ_NATURAL_EXH_VENT_ACTIVE_ST,2
DE#Thing,_PM_GE#_#_ST_Y_GE#_CYCLIC_S_T_ST_S_T_ACTIVE_ST,2
DE#Thing,_PM_GE#_#_GT_Y_GE#_GAS_TRIP_FROM_REMOTE_GT,2
DE#Thing,_PM_GE#_#_Y_GE#_START_COUNTER_X#_,4
DE#Thing,_PM_GE#_#_Y_GE#_OPERATION_HR_BACKUP_MOD_X#_,2
DE#Thing,_PM_GE#_#_Y_GE#_OPERATION_HR_DIESEL_MOD_X#_,2
DE#Thing,_PM_GE#_#_Y_GE#_OPERATION_HR_GAS_MOD_X#_,2
DE#Thing,_PM_GE#_#_GT_Y_GE#_ENG_SPD_LOW_SE#_UNDER_SYNC_LOAD_RUN_CND_GT,2
DE#Thing,_PM_GE#_#_PT_Y_GE#_ICM_MAJOR_ALARM_PT,2
DE#Thing,_PM_GE#_#_PT_Y_GE#_PILOT_FO_HP_PUMP_NOT_RUNNING_PT,2
DE#Thing,_PM_GE#_#_EV_Y_GE#_MASTER_GAS_LINE_PURGING_MOD_ACTIVE_EV,2
DE#Thing,_PM_GE#_#_SD_Y_GE#_ENG_START_FAIL_SD,2
DE#Thing,_PM_GE#_#_SD_Y_GE#_SLOW_TURNING_FAIL_START_BLOCK_CONDITION_SD,2
DE#Thing,_PM_GE#_#_SD_Y_GE#_ENG_SPD_LOW_SE#_UNDER_SYNC_LOAD_RUN_CND_SD,2
DE#Thing,_PM_GE#_#_SD_Y_GE#_ENG_STOP_IN_LOAD_OPERATION_SD,2
DE#Thing,_PM_GE#_#_SD_Y_GE#_STOP_VV_ACTIVE_PS#_SD,2
DE#Thing,_PM_GE#_#_ESD_Y_GE#_EMCY_STOP_FROM_ACP_SD,2
DE#Thing,_PM_GE#_#_ESD_Y_GE#_ENG_OVERSPD_FR_CTRL_ALARM_MODULE_SE#_SD,2
DE#Thing,_PM_GE#_#_ESD_Y_GE#_ENG_OVERSPD_FR_ENG_SAFETY_MODULE_SE#_SD,2
DE#Thing,_PM_GE#_#_ESD_Y_GE#_EMCY_STOP_FROM_REMOTE_#_SD,2
DE#Thing,_PM_GE#_#_ESD_Y_GE#_EMCY_STOP_FROM_LOP_SD,2
DE#Thing,_PM_GE#_#_SB_Y_GE#_EXHUAST_GAS_VENT_SEQUENCE_ACTIVE_SB,2
DE#Thing,_PM_GE#_#_SB_Y_GE#_START_BLOCK_FROM_REMOTE_SB,2
DE#Thing,_PM_GE#_#_SB_Y_GE#_TEST_MOD_ACTIVE_SB,2
DE#Thing,_PM_GE#_#_SB_Y_GE#_STARTING_AIR_PRESS_ENG_INLET_L_PT#_SB,2
DE#Thing,_PM_GE#_#_Y_GE#_PILOT_FO_PRESS_FILTER_INLET_PT#_,2
DE#Thing,_PM_GE#_#_Y_GE#_PILOT_FO_PRESS_ENG_INLET_PT#_,2
DE#Thing,_PM_GE#_#_Y_GE#_PILOT_FO_PRESS_ENG_OUTLET_PT#_,2
DE#Thing,_PM_GE#_#_Y_GE#_PILOT_FO_PRESS_HP_PUMP_INLET_PT#_,2
DE#Thing,_PM_GE#_#_Y_GE#_PILOT_FO_TEMP_HP_PUMP_INLET_TE#_,2
DE#Thing,_PM_GE#_#_Y_GE#_CTRL_AIR_PRESS_GAS_REG_UNIT_PT#_,2
DE#Thing,_PM_GE#_#_Y_GE#_GAS_SUPPLY_PRESS_FILTER_INLET_PT#_,2
DE#Thing,_PM_GE#_#_Y_GE#_GAS_SUPPLY_PRESS_FILTER_OUTLET_PT#_,2
DE#Thing,_PM_GE#_#_Y_GE#_GAS_SUPPLY_PRESS_REG_OUTLET_PT#_,2
DE#Thing,_PM_GE#_#_Y_GE#_L_O_PRESS_ENG_INLET_#_PT#_,2
DE#Thing,_PM_GE#_#_Y_GE#_CTRL_AIR_PRESS_ENGIN_INLET_PT#_,2
DE#Thing,_PM_GE#_#_Y_GE#_STARTING_AIR_PRESS_ENG_INLET_PT#_,2
DE#Thing,_PM_GE#_#_Y_GE#_ENG_LOAD_LIMIT_,2
DE#Thing,_PM_GE#_#_Y_GE#_EXH_GAS_VENTILATION_REMAIN_TIME_,2
DE#Thing,_PM_GE#_#_Y_GE#_TIME_REMAIN_FOR_NEXT_CYCLIC_S_T_MIN_,2
DE#Thing,_PM_GE#_#_Y_GE#_PT#_REMAIN_TIME_FOR_START_BLOCK_BLACKOUT_,4
DE#Thing,_PM_GE#_#_Y_GE#_MODBUS_HEARTBEAT_,2
DE#Thing,_PM_GE#_#_AL_Y_GE#_ENG_STOP_FAIL_AL,2
DE#Thing,_PM_GE#_#_Y_GE#_PURGING_SEQUNECE_REMAIN_TIME_,2
DE#Thing,_PM_GE#_#_Y_GE#_GRU_ENCLOSURE_PRESS_PT#_,2
DE#Thing,_PM_GE#_#_SB_Y_GE#_ENG_SPEED_H_BEFORE_START_SE#_SB,2
DE#Thing,_PM_GE#_#_AL_Y_GE#_ICM_MINOR_ALARM_AL,2
DE#Thing,_PM_GE#_#_AL_Y_GE#_EXH_VENT_FAN_ALARM_AL,2
DE#Thing,_PM_GE#_#_AL_Y_GE#_EXH_VENT_VV_ALARM_AL,2
DE#Thing,_PM_GE#_#_AL_Y_GE#_STARTING_AIR_PRESS_ENG_INLET_S_F_PT#_AL,2
DE#Thing,_PM_GE#_#_AL_Y_GE#_STARTING_AIR_PRESS_ENG_INLET_L_PT#_AL,2
DE#Thing,_PM_GE#_#_ST_Y_GE#_FUEL_TRANS_ST_FUEL_ACTUATOR_ACTIVE_DELAY_ST,2
DE#Thing,_PM_GE#_#_ST_Y_GE#_FUEL_MOD_ACTIVE_BLACKOUT_START_ST,2
DE#Thing,_PM_GE#_#_ST_Y_GE#_FUEL_MOD_ACTIVE_BACKUP_MOD_ST,2
DE#Thing,_PM_GE#_#_AL_Y_GE#_PRE_L_O_PUMP_ALARM_AL,2
DE#Thing,_PM_GE#_#_AL_Y_GE#_HT_WATER_PREHEATER_ALARM_AL,2
DE#Thing,_PM_GE#_#_AL_Y_GE#_PILOT_FO_HP_PUMP_ALARM_AL,2
DE#Thing,_PM_GE#_#_AL_Y_GE#_UPS_ALARM_AL,2
DE#Thing,_PM_GE#_#_ST_Y_GE#_FUEL_MOD_SELECTED_BLACKOUT_START_ST,2
DE#Thing,Power,3
DE#Thing,Req_GasMode,2
DE#Thing,SOXMassFlow,2
DE#Thing,SOX_ppm,2
DE#Thing,ULSFOUse,1
DE#Thing,ZeroEmissionMode,2
DE#Thing,DieselModeB,1
DE#Thing,GasModeA,1
DE#Thing,GasModeB,1
DE#Thing,_GE_#_Y_NO_#_GE_STOP,1
DG#Thing,WindingTempR,156
DG#Thing,WindingTempS,156
DG#Thing,WindingTempT,156
DG#Thing,Voltage,141
DG#Thing,GenPower,139
DG#Thing,Frequency,137
DG#Thing,Current,134
DG#Thing,RunningState,134
DG#Thing,busBarVoltage,42
DG#Thing,CBClosed,41
DG#Thing,Load,41
DG#Thing,busBarFrequency,34
DG#Thing,CurrentB,11
DG#Thing,FrequencyA,10
DG#Thing,FrequencyB,10
DG#Thing,GenPowerA,11
DG#Thing,GenPowerB,11
DG#Thing,VoltageA,11
DG#Thing,VoltageB,11
DG#Thing,CurrentA,10
DG#Thing,CBNonClosed,14
DG#Thing,LoadPercent,10
DG#Thing,Alarm_ACB_Trip,5
DG#Thing,CurrentR,6
DG#Thing,CurrentS,6
DG#Thing,CurrentT,6
DG#Thing,DieselMode,4
DG#Thing,Req_DieselMode,5
DG#Thing,BrgDE_Temp,3
DG#Thing,BrgDE_Temp#,22
DG#Thing,BrgNDE_Temp,3
DG#Thing,Current_U,2
DG#Thing,Current_V,2
DG#Thing,Current_W,2
DG#Thing,GasOpeationReady,3
DG#Thing,GE#_ALARM,2
DG#Thing,GE#_HEATERS_CONN,1
DG#Thing,GE#_LOCAL___REMOTE,1
DG#Thing,GE#_POWER_ACTUAL_VALUE,2
DG#Thing,GE#_PULSES_ON,2
DG#Thing,GE#_RFU,1
DG#Thing,GE#_SLOWDOWN,1
DG#Thing,GE#_TRIP,2
DG#Thing,Gen_ApparentPower,2
DG#Thing,_GE_PM#_Y_NO_#_GE_ADC_EXCITATION_STATUS_,2
DG#Thing,_GE_PM#_Y_NO_#_GE_ADC_READY_TO_START,2
DG#Thing,_GE_PM#_Y_NO_#_GE_ADC_ON_REMOTE_CTRL,2
DG#Thing,_GE_PM#_Y_NO_#_GE_ADC_PWR_AVAIL,2
DG#Thing,_GE_PM#_Y_NO_#_GE_ADC_PWR_FEEDBACK_,2
DG#Thing,_GE_PM#_Y_NO_#_GE_ADC_EMCY_STOP_ACTIVATED_,2
DG#Thing,_GE_PM#_Y_NO_#_GE_ADC_EMCY_STOP,2
DG#Thing,_MI_EM_#_Y_NO_#_C_A_TEMP_AIR_CLR_OUTLET,2
DG#Thing,NO#_DC_BUS_VOL,2
DG#Thing,NO#_G_E_ACTUAL_LOAD_TO_ENGINE,2
DG#Thing,NO#_G_E_COOLING_AIR_TEMP,2
DG#Thing,NO#_G_E_SPEED_REFERENCE,2
DG#Thing,NO#_G_E_STATOR_BEARING_NDE_TEMP,1
DG#Thing,NO#_LV_TR_WINDING_U_TEMP,2
DG#Thing,NO#_LV_TR_WINDING_V_TEMP,2
DG#Thing,NO#_LV_TR_WINDING_W_TEMP,2
DG#Thing,PF,3
DG#Thing,_PM_DC#_#_Y_SFC#_POWER_ACTUAL_VALUE_APPARENT_POWER_,2
DG#Thing,_PM_DC#_#_Y_SFC#_REACTIVE_ACTUAL_VALUE,2
DG#Thing,_PM_DC#_#_Y_INV#_MAIN_PROPULSION_#_PHASE_U_CURR,2
DG#Thing,_PM_DC#_#_Y_INV#_MAIN_PROPULSION_#_PHASE_V_CURR,2
DG#Thing,_PM_DC#_#_Y_INV#_MAIN_PROPULSION_#_PHASE_W_CURR,2
DG#Thing,_PM_DC#_#_#_Y_SSCB_CLOSED_STATUS,1
DG#Thing,_PM_DC#_#_#_Y_DCSWBD_AUX_POWER_FAILURE,2
DG#Thing,_PM_DC#_#_#_Y_COMMUNICATION_ALIVE_SIGNAL,4
DG#Thing,_PM_DC#_#_#_Y_SFC#_SPACE_HEATERS_CONNECTED,2
DG#Thing,_PM_DC#_#_#_Y_SFC#_READY_FOR_USE,2
DG#Thing,_PM_DC#_#_#_Y_SFC#_READY_FOR_RUN,2
DG#Thing,_PM_DC#_#_#_Y_SFC#_SLOWDOWN,2
DG#Thing,_PM_DC#_#_#_Y_GE#_READY_FOR_RUN,2
DG#Thing,_PM_DC#_#_#_Y_SSCB_CLOSED_ORDER_NOT_ALARM,2
DG#Thing,_PM_DC#_#_#_Y_SSCB_OPENED_ORDER_NOT_ALARM,2
DG#Thing,_PM_DC#_#_#_Y_DC_BUS_WATER_LAKAGE_ALARM,1
DG#Thing,_PM_DC#_#_#_Y_NO#_DC_BUS_BRAKE_CHOPPER_ALARM,2
DG#Thing,_PM_DC#_#_#_Y_NO#_DC_BUS_ISOLATION_ALARM,2
DG#Thing,_PM_DC#_#_#_Y_SFC#_OVERLOAD_DETECT,2
DG#Thing,_PM_DC#_#_#_Y_GE#_OVERTEMP_ALARM,2
DG#Thing,_PM_DC#_#_#_Y_GE#_AMBIENT_OVERTEMP_ALARM,2
DG#Thing,_PM_DC#_#_#_Y_SFC#_OVERTEMP_ALARM,2
DG#Thing,_PM_DC#_#_#_Y_SFC#_AMBIENT_OVERTEMP_ALARM,2
DG#Thing,_PM_DC#_#_#_Y_SFC#_INPUT_OVERVOLTAGE,2
DG#Thing,_PM_DC#_#_#_Y_SFC#_INPUT_UNDERVOLTAGE,2
DG#Thing,_PM_DC#_#_#_Y_GE#_DC_BUS_OVERVOLTAGE_TRIP,2
DG#Thing,_PM_DC#_#_#_Y_GE#_INPUT_OVERVOLTAGE,2
DG#Thing,_PM_DC#_#_#_Y_GE#_INPUT_UNDERVOLTAGE,2
DG#Thing,_PM_DC#_#_#_Y_SFC#_DC_BUS_OVERVOLTAGE_TRIP,2
DG#Thing,_PM_DC#_#_#_Y_GE#_OVERTEMP_TRIP,2
DG#Thing,_PM_DC#_#_#_Y_SFC#_OVERTEMP_TRIP,2
DG#Thing,_PM_DC#_#_#_Y_SFC#_OVERCURR_TRIP,2
DG#Thing,_PM_DC#_#_#_Y_GE#_OVERCURR_TRIP,2
DG#Thing,_PM_DC#_#_#_Y_GE#_RESET_ALARMS_AND_TRIPS,2
DG#Thing,_PM_DC#_#_#_Y_SFC#_RESET_ALARMS_AND_TRIPS,2
DG#Thing,_PM_DC#_#_#_Y_GE#_RESET_HR_METER,2
DG#Thing,_PM_DC#_#_#_Y_GE#_ADC_START,2
DG#Thing,_PM_DC#_#_#_Y_GE#_SHUTDOWN,2
DG#Thing,_PM_DC#_#_#_Y_SFC#_SHUTDOWN,2
DG#Thing,_PM_DC#_#_#_Y_GE#_ADC_STOP,2
DG#Thing,_PM_GE#_Y_NO_#_GE_REMOTE_START,2
DG#Thing,_PM_GE#_Y_NO_#_GE_REMOTE_RESET,2
DG#Thing,_PM_GE#_Y_NO_#_GE_REMOTE_STOP,2
DG#Thing,_PM_GE#_Y_NO_#_GE_REMOTE_START_BLOCK,2
DG#Thing,_PM_GE#_Y_NO_#_GE_READY_TO_START,2
DG#Thing,_PM_GE#_Y_NO_#_GE_RUNNING,2
DG#Thing,_PM_GE#_Y_NO_#_GE_REMOTE_CTRL,2
DG#Thing,_PM_GE#_#_ST_Y_GE#_GAS_VV_STOP_SEQUENCE_INACTIVE_ST,2
DG#Thing,_PM_GE#_#_ST_Y_GE#_GAS_VV_STOP_SEQUENCE_STEP#_ST,12
DG#Thing,_PM_GE#_#_AL_Y_GE#_WIRE_BREAK_EMCY_STOP_FROM_REMOTE_#_AL,2
DG#Thing,_PM_GE#_#_AL_Y_GE#_WIRE_BREAK_EMCY_STOP_FROM_LOP_AL,2
DG#Thing,_PM_GE#_#_AL_Y_GE#_WIRE_BREAK_EMCY_STOP_FROM_ACP_AL,2
DG#Thing,_PM_GE#_#_AL_Y_GE#_WIRE_BREAK_STOP_VV_AL,2
DG#Thing,_PM_GE#_#_AL_Y_GE#_WIRE_BREAK_OIL_MIST_CRANKCASE_SHUTDOWN_AL,2
DG#Thing,_PM_GE#_#_ST_Y_GE#_GAS_VV_STOP_SEQUENCE_START_BLOCK_ACTIVE_ST,2
DG#Thing,_PM_GE#_#_AL_Y_GE#_START_BLOCK_ACTIVE_AL,2
DG#Thing,_PM_GE#_Y_NO_#_GE_SPEED_FEEDBACK_,2
DG#Thing,_PM_GE#_Y_NO_#_GE_SPEED_REFERENCE_ACTIVE,2
DG#Thing,_PM_GE#_Y_NO_#_GE_REMOTE_EMCY_STOP,2
DG#Thing,Req_GasMode,3
DG#Thing,Req_LoadReduction,2
DG#Thing,Req_LoadReductionA,1
DG#Thing,Runhour,3
DG#Thing,Runhour_Diesel,3
DG#Thing,Runhour_Division,2
DG#Thing,Runhour_Gas,3
DG#Thing,RunhourHR,2
DG#Thing,SECONDARY_COLD_WATER_TEMP,2
DG#Thing,SFC#_ALARM,2
DG#Thing,SFC#_FREQUENCY_ACTUAL_VALUE,2
DG#Thing,SFC#_LOCAL___REMOTE,1
DG#Thing,SFC#_POWER_ACTUAL_VALUE,2
DG#Thing,SFC#_PULSES_ON,2
DG#Thing,SFC#_SHORE_MODE_ON,1
DG#Thing,SFC#_TRIP,2
DG#Thing,SFC#_VOL_ACTUAL_VALUE,2
DG#Thing,TotalRunningTime,2
DG#Thing,WCU_ALARM,2
DG#Thing,WCU_TRIP,2
DG#Thing,Alarm_ACB_TripA,1
DG#Thing,Alarm_ACB_TripB,1
DG#Thing,CBClosedA,1
DG#Thing,CBClosedB,1
DG#Thing,DieselModeA,1
DG#Thing,Gen_ApparentPower_A,1
DG#Thing,Gen_ApparentPower_B,1
DG#Thing,NO#_G_E_STATOR_BEARING_TEMP,1
DG#Thing,_PM_DC#_#_Y_SSCB_COOLING_TIME,1
DG#Thing,_PM_DC#_#_#_Y_SFC#_REMOTE,1
DG#Thing,_PM_DC#_#_#_Y_SSCB_OVERCURR_SHUTDOWN,1
DG#Thing,_PM_DC#_#_#_Y_SSCB_OVERLOAD_SHUTDOWN,1
DG#Thing,_PM_DC#_#_#_Y_GE#_REMOTE,1
DG#Thing,_PM_DC#_#_#_Y_GE#_SPACE_HEATERS_CONNECTED,1
DG#Thing,_PM_DC#_#_#_Y_GE#_READY_FOR_USE,1
DG#Thing,_PM_DC#_#_#_Y_GE#_SLOWDOWN,1
DG#Thing,_PM_DC#_#_#_Y_INV#_MAIN_PROPULSION_#_READY_FOR_RUN,1
DG#Thing,_PM_DC#_#_#_Y_DC_BUS_WATER_LEAKAGE_ALARM,1
DG#Thing,Req_LoadReductionB,1
DG#Thing,Runhour_OrderCalc,1
DG#Thing,RunningStateA,1
DG#Thing,RunningStateB,1
DG#Thing,SSCB_CLOSED_STATUS,1
DG#Thing,SSCB_ERROR,1
DG#Thing,SSCB_LOAD_CURR,1
DG#Thing,SSCB_TRIP,1
DG#Thing,SSCB_VOL,1
DG#Thing,TotalRunningTimeA,1
DG#Thing,TotalRunningTimeB,1
DG#Thing,busBarVoltageA,1
DG#Thing,busBarVoltageB,1
GE#TurboCharger#Thing,ExhGasOutletTemp,155
GE#TurboCharger#Thing,RPM,156
GE#TurboCharger#Thing,ExhGasInletTempA,142
GE#TurboCharger#Thing,LOInletPress,136
GE#TurboCharger#Thing,ExhGasInletTempB,105
GE#TurboCharger#Thing,LOOutletTemp,27
GE#TurboCharger#Thing,ExhGasInletTemp,5
GE#TurboCharger#Thing,RPMRaw,1
GE#TurboCharger#Thing,ExhGasinletTempA,1
MainEngine#Thing,Cy#ExhGasOutletTemp,315
MainEngine#Thing,ScavPress,50
MainEngine#Thing,RPM,50
MainEngine#Thing,ScavTemp,50
MainEngine#Thing,FOInletPress,49
MainEngine#Thing,FOInletTemp,48
MainEngine#Thing,CFWInletTemp,44
MainEngine#Thing,Cy#CWTemp,291
MainEngine#Thing,CFWInletPress,41
MainEngine#Thing,LOInletPress,39
MainEngine#Thing,LOInletTemp,39
MainEngine#Thing,DoUse,42
MainEngine#Thing,Load,30
MainEngine#Thing,Cy#PCOtemp,152
MainEngine#Thing,LFOUse,23
MainEngine#Thing,RunningState,16
MainEngine#Thing,CFWOutletTemp,14
MainEngine#Thing,FGPressure,16
MainEngine#Thing,FGMassFlow,14
MainEngine#Thing,FOViscosity,9
MainEngine#Thing,GasMode,13
MainEngine#Thing,FGTemperature,12
MainEngine#Thing,HFOUse,5
MainEngine#Thing,FuelIndex,4
MainEngine#Thing,FuelSharing,8
MainEngine#Thing,SFLoad,4
MainEngine#Thing,Cy#PCOTemp,19
MainEngine#Thing,Power,5
MainEngine#Thing,RevolutionRPM,3
MainEngine#Thing,CFWOutletPress,2
MainEngine#Thing,Cy#PCOPtemp,13
MainEngine#Thing,ULSFOUse,2
MainEngine#Thing,Alarm_Shutdown,1
MainEngine#Thing,Alarm_Slowdown,1
MainEngine#Thing,DieselMode,1
MainEngine#Thing,FGVolumeMeter,1
MainEngine#Thing,FOInletPressFilter,1
MainEngine#Thing,LFOUseA,1
MainEngine#Thing,LFOUseB,1
MainEngine#Thing,LOOutletTemp,1
MainEngine#Thing,MGOUse,1
MainEngine#Thing,No#CWOutTemp,1
MainEngine#Thing,StoppingState,1
ME#TurboCharger#Thing,ExhGasInletTemp,65
ME#TurboCharger#Thing,ExhGasOutletTemp,65
ME#TurboCharger#Thing,RPM,65
ME#TurboCharger#Thing,LOInletPress,55
ME#TurboCharger#Thing,LOOutletTemp,50
ME#TurboCharger#Thing,LOInletTemp,11
ME#TurboCharger#Thing,AirIntakeTemp,2
ME#TurboCharger#Thing,AirIntakeTemp(A),1
ME#TurboCharger#Thing,AirIntakeTemp(B),1
Shaft#Thing,RPM,52
Shaft#Thing,ShaftPower,52
Shaft#Thing,ShaftTorque,52
Shaft#Thing,ShaftThrust,7
Shaft#Thing,SGPower,4
Shaft#Thing,RPMPercent,2
Shaft#Thing,ShaftPowerPercent,2
NavigationThing,AfterDraft,45
NavigationThing,ForwardDraft,45
NavigationThing,MidPDraft,45
NavigationThing,MidSDraft,45
NavigationThing,List,17
NavigationThing,Trim_Tilt#,11
NavigationThing,ACCELER_X,10
NavigationThing,ACCELER_Y,10
NavigationThing,ACCELER_Z,10
NavigationThing,WaterTemp,6
NavigationThing,TrimMeter,4
NavigationThing,Trim,3
NavigationThing,LatitudeDegrees,2
NavigationThing,longitudeDegrees,2
NavigationThing,AfterDraftLevel,1
NavigationThing,AfterDraftMm,1
NavigationThing,DRAFT_A,1
NavigationThing,DRAFT_F,1
NavigationThing,DRAFT_P,1
NavigationThing,DRAFT_S,1
NavigationThing,ForwardDraftLevel,1
NavigationThing,ForwardDraftMm,1
NavigationThing,GPS_LATITUDE_DEGREE,1
NavigationThing,GPS_LATITUDE_HEMISPHERE,1
NavigationThing,GPS_LATITUDE_MINUTE,1
NavigationThing,GPS_LONGITUDE_DEGREE,1
NavigationThing,GPS_LONGITUDE_HEMISPHERE,1
NavigationThing,GPS_LONGITUDE_MINUTE,1
NavigationThing,LIST,1
NavigationThing,LongGroundSpeed,1
NavigationThing,LongWaterSpeed,1
NavigationThing,_LX_WB#_Y_DRAFT_FWD_,1
NavigationThing,_LX_WB#_Y_DRAFT_MID_P_,1
NavigationThing,_LX_WB#_Y_DRAFT_MID_S_,1
NavigationThing,_LX_WB#_Y_DRAFT_AFT_,1
NavigationThing,_LX_WB#_Y_NO_#_W_B_TK_P_LEVEL,1
NavigationThing,MidPDraftLevel,1
NavigationThing,MidPDraftMm,1
NavigationThing,MidSDraftLevel,1
NavigationThing,MidSDraftMm,1
NavigationThing,TransGroundSpeed,1
NavigationThing,TransWaterSpeed,1
NavigationThing,UTC_DAY,1
NavigationThing,UTC_HOUR,1
NavigationThing,UTC_MINUTE,1
NavigationThing,UTC_MONTH,1
NavigationThing,UTC_SECOND,1
NavigationThing,UTC_YEAR,1
NavigationThing,WaterDepth,1
NavigationThing,WindDirection,1
NavigationThing,WindSpeed,1
ShipBoiler#Thing,WaterDrumLevel,78
ShipBoiler#Thing,SteamDrumPress,76
ShipBoiler#Thing,FOInletTemp,65
ShipBoiler#Thing,FOInletPress,64
ShipBoiler#Thing,DoUse,64
ShipBoiler#Thing,RunningState,64
ShipBoiler#Thing,ExhGasOutletTemp,45
ShipBoiler#Thing,HFOUse,25
ShipBoiler#Thing,LFOUse,17
ShipBoiler#Thing,ULSFOUse,15
ShipBoiler#Thing,StoppingState,10
ShipBoiler#Thing,ExhGasInletTemp,2
ShipBoiler#Thing,StreamDrumPress,3
ShipBoiler#Thing,ExhGasOutletTempA,1
ShipBoiler#Thing,ExhGasOutletTempB,1
ShipBoiler#Thing,ExhGasOutletTempC,1
ShipBoiler#Thing,FGMassFlow,1
ShipBoiler#Thing,MGOUse,1
ShipBoiler#Thing,StreamPressure,1
ERThing,AirPress,43
ERThing,AirTemp,43
ERThing,AirHumid,41
ERThing,CSWPump_OutPress,1
ElectricEnergyConsumeThing,GSP#_CURRENT,85
ElectricEnergyConsumeThing,BallastPump#_Current,67
ElectricEnergyConsumeThing,ER_AC#V_FEEDER_CURRENT,27
ElectricEnergyConsumeThing,ACCOM_AC#V_FEEDER_CURRET,22
ElectricEnergyConsumeThing,BWTS#_CURRENT,40
ElectricEnergyConsumeThing,BWTS_MCC_#,10
ElectricEnergyConsumeThing,ACCOM_AC#V_FEEDER_CURRENT,16
ElectricEnergyConsumeThing,ACCOM_AC#V_FEEDER_CURRENT_#,8
ElectricEnergyConsumeThing,ER_AC#V_FEEDER_CURRENT_A,4
ElectricEnergyConsumeThing,ER_AC#V_FEEDER_CURRENT_B,4
ElectricEnergyConsumeThing,HDCompressor#_Current,4
ElectricEnergyConsumeThing,_ISS-AO-#,78
ElectricEnergyConsumeThing,LDCompressor#_Current,8
ElectricEnergyConsumeThing,ACCOM_AC#V_FEEDER_CURRET_#,6
ElectricEnergyConsumeThing,BWTS_CC_#,3
ElectricEnergyConsumeThing,CARGO_SWBD_PORT_SECTION_CURRENT,3
ElectricEnergyConsumeThing,CARGO_SWBD_STBD_SECTION_CURRENT,3
ElectricEnergyConsumeThing,PORT_MCC,3
ElectricEnergyConsumeThing,STBD_MCC,3
ElectricEnergyConsumeThing,ACC_AC#V_G#_PANEL_CURRENT,2
ElectricEnergyConsumeThing,ACC_AC#V_P#_PANEL_CURRENT,2
ElectricEnergyConsumeThing,BWTS_MOTOR,2
ElectricEnergyConsumeThing,P#_Panel_Current,2
ElectricEnergyConsumeThing,AC#_FEEDER,1
ElectricEnergyConsumeThing,AC#V_FEEDER_CURRENT,1
ElectricEnergyConsumeThing,ACC#_CURRENT,2
ElectricEnergyConsumeThing,ACCOM_AC#V_REEDER_CURRENT,1
ElectricEnergyConsumeThing,ACCOM_AC#V_FEEDER_CURRENT_A,1
ElectricEnergyConsumeThing,ACCOM_AC#V_FEEDER_CURRENT_B,1
ElectricEnergyConsumeThing,Ballast#,2
ElectricEnergyConsumeThing,BALLAST_NO#,2
ElectricEnergyConsumeThing,BWTS,1
ElectricEnergyConsumeThing,BWTS_CC#,1
ElectricEnergyConsumeThing,BWTS_EQ#,2
ElectricEnergyConsumeThing,BWTS_MCC#,1
ElectricEnergyConsumeThing,BWTS MCC-# CURRENT,1
ElectricEnergyConsumeThing,BWTS_MCC_CURRENT,1
ElectricEnergyConsumeThing,BWTS MOTOR CONTROL CAB. CURRENT,1
ElectricEnergyConsumeThing,BWTS_NO#,1
ElectricEnergyConsumeThing,BWTS_NO#_#_#,4
ElectricEnergyConsumeThing,BWTS_RECTIFIER,1
ElectricEnergyConsumeThing,BWTS RECTIFIER# CURRENT,2
ElectricEnergyConsumeThing,BWTS_UV,1
ElectricEnergyConsumeThing,CARGO_MCC#_CURRENT,2
ElectricEnergyConsumeThing,CargoSprayPump#_Current,1
ElectricEnergyConsumeThing,CargoSWBD_PORT_Current,1
ElectricEnergyConsumeThing,CargoSWBD_STBD_Current,1
ElectricEnergyConsumeThing,_EL#,11
ElectricEnergyConsumeThing,EMCY_TR#_CURRENT,2
ElectricEnergyConsumeThing,ER_AC#V_REEDER_CURRENT,2
ElectricEnergyConsumeThing,ERAC#VFeederCurrent,1
ElectricEnergyConsumeThing,ER_AC#V_FEEDER_CURRENT_#,2
ElectricEnergyConsumeThing,ER_AC#V_REEDER_CURRENT_#,1
ElectricEnergyConsumeThing,ESBD_CURRENT,1
ElectricEnergyConsumeThing,FWDAC#VFeederCurrent,1
ElectricEnergyConsumeThing,G#_PANEL_CURRENT,1
ElectricEnergyConsumeThing,GSP#,2
ElectricEnergyConsumeThing,GSP_NO#,2
ElectricEnergyConsumeThing,LLC_TR#_CURRENT,2
ElectricEnergyConsumeThing,MAIN_TR#_CURRENT,4
ElectricEnergyConsumeThing,NO#_#_FEEDER,2
ElectricEnergyConsumeThing,NO#_AC#V_SWBD_VOL,2
ElectricEnergyConsumeThing,NO#_BALLAST,2
ElectricEnergyConsumeThing,NO.# W.B.P CURRENT,2
ElectricEnergyConsumeThing,P_#_PANEL_SHIP_FWD_#V_CURR_FOR_ISS,1
ElectricEnergyConsumeThing,P#_PANEL_CURRENT,1
ElectricEnergyConsumeThing,_PP#,2
ElectricEnergyConsumeThing,Rectifier#,2
ElectricEnergyConsumeThing,SETP_DOWN_#,3
ElectricEnergyConsumeThing,_SH_C_CUR,1
ElectricEnergyConsumeThing,SHORE_POWER_CURR,1
ElectricEnergyConsumeThing,SHORE_POWER_VOL,1
ElectricEnergyConsumeThing,SprayPump#,1
ElectricEnergyConsumeThing,TRANSFORMER_RECTIFIER#,2
ElectricEnergyConsumeThing,WBP#_POWER,2
DE#FlowMeterThing,FOMassFlowFM,27
DE#FlowMeterThing,FOVolumeFlowFM,10
DE#FlowMeterThing,FOMassFlowIn,6
DE#FlowMeterThing,FOMassFlowReturn,6
DE#FlowMeterThing,FOMassMeterIn,5
DE#FlowMeterThing,FOMassMeterReturn,4
DE#FlowMeterThing,FOVolumeMeter,2
DE#FlowMeterThing,FOMassFlowInRaw,2
DE#FlowMeterThing,FOMassFlowReturnRaw,2
DE#FlowMeterThing,FOVolumeFlowIn,1
DE#FlowMeterThing,FOVolumeFlowReturn,1
SB#FlowMeterThing,FOVolumeFlowFM,38
SB#FlowMeterThing,FOMassFlowFM,20
SB#FlowMeterThing,FOVolumeMeter,9
SB#FlowMeterThing,FOMassMeter,1
ME#FlowMeterThing,FOMassFlowFM,20
ME#FlowMeterThing,FOVolumeFlowFM,18
ME#FlowMeterThing,FOMassFlowMEGE,6
ME#FlowMeterThing,FOMassMeterMEGE,4
ME#FlowMeterThing,FOMassMeter,1
ME#FlowMeterThing,FOVolumeMeter,1
ISS.AMS.DataGroup#.T,_MC#,353
ISS.AMS.DataGroup#.T,_MF#,162
ISS.AMS.DataGroup#.T,_ML#,173
ISS.AMS.DataGroup#.T,_MW#,93
ISS.AMS.DataGroup#.T,_MA#,133
ISS.AMS.DataGroup#.T,_PDT#,28
ISS.AMS.DataGroup#.T,_TC#,56
ISS.AMS.DataGroup#.T,_FT#,24
ISS.AMS.DataGroup#.T,_SD#,132
ISS.AMS.DataGroup#.T,_#GENPWR_PER,15
ISS.AMS.DataGroup#.T,_GG#,13
ISS.AMS.DataGroup#.T,_PMS_#GENPWR_P_Y,14
ISS.AMS.DataGroup#.T,_SCR#-#,32
ISS.AMS.DataGroup#.T,_TK#,66
ISS.AMS.DataGroup#.T,_#ENGSD,12
ISS.AMS.DataGroup#.T,_#GENPF,12
ISS.AMS.DataGroup#.T,_EM#,333
ISS.AMS.DataGroup#.T,_ENG#-#,15
ISS.AMS.DataGroup#.T,_GA#,191
ISS.AMS.DataGroup#.T,_GA#F,4
ISS.AMS.DataGroup#.T,_GA#A,12
ISS.AMS.DataGroup#.T,_GA#B,12
ISS.AMS.DataGroup#.T,_GB#,198
ISS.AMS.DataGroup#.T,_GB#F,4
ISS.AMS.DataGroup#.T,_GB#A,12
ISS.AMS.DataGroup#.T,_GB#B,12
ISS.AMS.DataGroup#.T,_GC#,202
ISS.AMS.DataGroup#.T,_GC#F,4
ISS.AMS.DataGroup#.T,_GC#A,12
ISS.AMS.DataGroup#.T,_GC#B,12
ISS.AMS.DataGroup#.T,_ISS-AO-#,1056
ISS.AMS.DataGroup#.T,_MF#V,66
ISS.AMS.DataGroup#.T,_NT#-#,12
ISS.AMS.DataGroup#.T,_PMS_#ENGSD_Y,12
ISS.AMS.DataGroup#.T,_SCR_FT#_Y,17
ISS.AMS.DataGroup#.T,_SCR_PDT#_Y,17
ISS.AMS.DataGroup#.T,_SCR_TC#_Y,34
ISS.AMS.DataGroup#.T,_#BLACKOUT,3
ISS.AMS.DataGroup#.T,_#DCTTRIP,9
ISS.AMS.DataGroup#.T,_#REVERSEPWR,9
ISS.AMS.DataGroup#.T,_#WRKWRS,9
ISS.AMS.DataGroup#.T,A#_MA#,36
ISS.AMS.DataGroup#.T,_AB#,55
ISS.AMS.DataGroup#.T,_BMS#,73
ISS.AMS.DataGroup#.T,_DG#,12
ISS.AMS.DataGroup#.T,_DP#,18
ISS.AMS.DataGroup#.T,_GE#,331
ISS.AMS.DataGroup#.T,I_BUTANE,3
ISS.AMS.DataGroup#.T,I_PENTANE,3
ISS.AMS.DataGroup#.T,_ISS-DO-#,186
ISS.AMS.DataGroup#.T,METHANE,3
ISS.AMS.DataGroup#.T,N_BUTANE,3
ISS.AMS.DataGroup#.T,NEO_PENTANE,3
ISS.AMS.DataGroup#.T,NITROGEN,3
ISS.AMS.DataGroup#.T,N_PENTANE,3
ISS.AMS.DataGroup#.T,_PMS_#AGENPWR_P_Y,3
ISS.AMS.DataGroup#.T,_PMS_SENGSD_Y,3
ISS.AMS.DataGroup#.T,_PMS_SGENCUR_Y,3
ISS.AMS.DataGroup#.T,_PMS_SGENPWR_P_Y,3
ISS.AMS.DataGroup#.T,PROPANE,3
ISS.AMS.DataGroup#.T,_SCR_SCR#_#_Y,12
ISS.AMS.DataGroup#.T,_WV#,9
ISS.AMS.DataGroup#.T,A#_BW_SLD_TEST,2
ISS.AMS.DataGroup#.T,A#_MC#,43
ISS.AMS.DataGroup#.T,A#_OVERSPEED,2
ISS.AMS.DataGroup#.T,A#_IH#,8
ISS.AMS.DataGroup#.T,A#_ML#,74
ISS.AMS.DataGroup#.T,A#_RPM_SYS_FAIL,2
ISS.AMS.DataGroup#.T,A#_VFCO_#,2
ISS.AMS.DataGroup#.T,A#_GE#,296
ISS.AMS.DataGroup#.T,A#_RPM_DET_FAIL,2
ISS.AMS.DataGroup#.T,A#_CRITICAL_RPM,2
ISS.AMS.DataGroup#.T,A#_SCR#-#,10
ISS.AMS.DataGroup#.T,A#_CB#,12
ISS.AMS.DataGroup#.T,A#_TK#,65
ISS.AMS.DataGroup#.T,A#_SLD_COMMON,2
ISS.AMS.DataGroup#.T,A#_MF#,9
ISS.AMS.DataGroup#.T,A#_MW#,31
ISS.AMS.DataGroup#.T,A#_MS#,69
ISS.AMS.DataGroup#.T,A#_GE#A,6
ISS.AMS.DataGroup#.T,A#_PDT#,15
ISS.AMS.DataGroup#.T,A#_TC#,30
ISS.AMS.DataGroup#.T,A#_FT#,17
ISS.AMS.DataGroup#.T,A#_AM#,16
ISS.AMS.DataGroup#.T,A#_EL#,20
ISS.AMS.DataGroup#.T,_AB_#_Y,8
ISS.AMS.DataGroup#.T,_AMSI_WT#_#_Y,3
ISS.AMS.DataGroup#.T,_CB#,13
ISS.AMS.DataGroup#.T,_CV_TT#_Y,53
ISS.AMS.DataGroup#.T,_FA#,4
ISS.AMS.DataGroup#.T,_FG_P#PWR_Y,6
ISS.AMS.DataGroup#.T,_GA_PI#_Y,6
ISS.AMS.DataGroup#.T,_GA_SE#_Y,4
ISS.AMS.DataGroup#.T,_GA_SS#_Y,3
ISS.AMS.DataGroup#.T,_GA_SSH#_Y,3
ISS.AMS.DataGroup#.T,_GA_SX#_Y,3
ISS.AMS.DataGroup#.T,_GA_ZS#_Y,2
ISS.AMS.DataGroup#.T,_GB_PI#_Y,6
ISS.AMS.DataGroup#.T,_GB_SE#_Y,4
ISS.AMS.DataGroup#.T,_GB_SS#_Y,3
ISS.AMS.DataGroup#.T,_GB_SSH#_Y,3
ISS.AMS.DataGroup#.T,_GB_SX#_Y,3
ISS.AMS.DataGroup#.T,_GB_UG#_Y,2
ISS.AMS.DataGroup#.T,_GC_PI#_Y,6
ISS.AMS.DataGroup#.T,_GC_SE#_Y,4
ISS.AMS.DataGroup#.T,_GC_SSH#_Y,3
ISS.AMS.DataGroup#.T,_GC_SX#_Y,4
ISS.AMS.DataGroup#.T,_GC_UG#_Y,2
ISS.AMS.DataGroup#.T,_GD#,31
ISS.AMS.DataGroup#.T,_MA_TT#_#_Y,10
ISS.AMS.DataGroup#.T,_MA_XC#_Y,3
ISS.AMS.DataGroup#.T,_MC_CCP#_Y,12
ISS.AMS.DataGroup#.T,_MC_MCP#_Y,12
ISS.AMS.DataGroup#.T,_MC_MIP#_Y,12
ISS.AMS.DataGroup#.T,_ME_SLD#,23
ISS.AMS.DataGroup#.T,_ML_TT#_#_Y,18
ISS.AMS.DataGroup#.T,_MS#,35
ISS.AMS.DataGroup#.T,_PMS_#GENPF_Y,5
ISS.AMS.DataGroup#.T,_PMS_#GENWHRS_Y,4
ISS.AMS.DataGroup#.T,_PMS_#PT#ST_Y,5
ISS.AMS.DataGroup#.T,_PMS_#PT#ND_Y,5
ISS.AMS.DataGroup#.T,_PMS_#AENGSD_Y,2
ISS.AMS.DataGroup#.T,_PMS_#AGENWHRS_Y,2
ISS.AMS.DataGroup#.T,_PMS_#BENGSD_Y,2
ISS.AMS.DataGroup#.T,_PMS_#BGENPWR_P_Y,2
ISS.AMS.DataGroup#.T,_PMS_#BGENWHRS_Y,2
ISS.AMS.DataGroup#.T,_PMS_#LONGTIMETRIP_Y,4
ISS.AMS.DataGroup#.T,_PMS_SGENFREQ_Y,2
ISS.AMS.DataGroup#.T,_PMS_SGENPF_Y,2
ISS.AMS.DataGroup#.T,_PMS_SGENPWR_Y,2
ISS.AMS.DataGroup#.T,_PMS_SGENVOL_Y,2
ISS.AMS.DataGroup#.T,_PMS_SGENWHRS_Y,2
ISS.AMS.DataGroup#.T,_PMS_SLONGTIMETRIP_Y,2
ISS.AMS.DataGroup#.T,_PMS_SSTING_Y,2
ISS.AMS.DataGroup#.T,_SC#,42
ISS.AMS.DataGroup#.T,_SM#,4
ISS.AMS.DataGroup#.T,_ST_#TTL#_Y,6
ISS.AMS.DataGroup#.T,_WB#,28
ISS.AMS.DataGroup#.T,_#AVAILPWR,2
ISS.AMS.DataGroup#.T,_#BUSFREQA,2
ISS.AMS.DataGroup#.T,_#BUSVOLA,2
ISS.AMS.DataGroup#.T,_#GENCUR_PER,3
ISS.AMS.DataGroup#.T,_#GENDPWRPER,2
ISS.AMS.DataGroup#.T,_#GENWHRS,2
ISS.AMS.DataGroup#.T,_#GENWMIN,2
ISS.AMS.DataGroup#.T,_#USEDPWR,2
ISS.AMS.DataGroup#.T,_#USEDPWR_P,2
ISS.AMS.DataGroup#.T,_#BGENCUR,1
ISS.AMS.DataGroup#.T,_#BGENDPWRPER,1
ISS.AMS.DataGroup#.T,_#BGENFREQ,1
ISS.AMS.DataGroup#.T,_#BGENPWR,1
ISS.AMS.DataGroup#.T,_#BGENVOL,1
ISS.AMS.DataGroup#.T,_#BGENWHRS,1
ISS.AMS.DataGroup#.T,_#BGENWMIN,1
ISS.AMS.DataGroup#.T,_#PVU#,2
ISS.AMS.DataGroup#.T,A#_AB#,9
ISS.AMS.DataGroup#.T,A#_SHD_ACTIVE,1
ISS.AMS.DataGroup#.T,A#_SHD#,3
ISS.AMS.DataGroup#.T,A#_START_BLOCK,2
ISS.AMS.DataGroup#.T,A#_WRONG_WAY,2
ISS.AMS.DataGroup#.T,A#_DG#H#,6
ISS.AMS.DataGroup#.T,A#_DG#I#,12
ISS.AMS.DataGroup#.T,A#_LIMIT_CANCEL,2
ISS.AMS.DataGroup#.T,A#_SLD_ACTIVE,1
ISS.AMS.DataGroup#.T,A#_START_FAILED,1
ISS.AMS.DataGroup#.T,A#_EMCY_STOP,1
ISS.AMS.DataGroup#.T,A#_SLD#,21
ISS.AMS.DataGroup#.T,A#_SHD_CANCELED,2
ISS.AMS.DataGroup#.T,A#_SLD_CANCELED,2
ISS.AMS.DataGroup#.T,A#_DG#LOCAL,2
ISS.AMS.DataGroup#.T,A#_STRT_PR_LOW,2
ISS.AMS.DataGroup#.T,A#_REMOTE_FAIL,1
ISS.AMS.DataGroup#.T,A#_SAFETY_ABN,1
ISS.AMS.DataGroup#.T,A#_TELEG_FAIL,1
ISS.AMS.DataGroup#.T,A#_SHD_PREWAR,1
ISS.AMS.DataGroup#.T,A#_SHD_PREWARN,1
ISS.AMS.DataGroup#.T,A#_SLD_PREWAR,1
ISS.AMS.DataGroup#.T,A#_SLD_PREWARN,1
ISS.AMS.DataGroup#.T,A#_SLD_#,14
ISS.AMS.DataGroup#.T,A#_SYS_FAIL,1
ISS.AMS.DataGroup#.T,A#_H-ALARM,1
ISS.AMS.DataGroup#.T,A#_#RUN,2
ISS.AMS.DataGroup#.T,A#_D#AH#,4
ISS.AMS.DataGroup#.T,A#_D#AI#,6
ISS.AMS.DataGroup#.T,A#_D#ALOCAL,1
ISS.AMS.DataGroup#.T,A#_HEMS-#,57
ISS.AMS.DataGroup#.T,A#_D#BH#,3
ISS.AMS.DataGroup#.T,A#_D#BI#,6
ISS.AMS.DataGroup#.T,A#_SC#,20
ISS.AMS.DataGroup#.T,A#_D#BLOCAL,1
ISS.AMS.DataGroup#.T,A#_GA#,42
ISS.AMS.DataGroup#.T,A#_LS#A,1
ISS.AMS.DataGroup#.T,A#_TS#A,1
ISS.AMS.DataGroup#.T,A#_SG_AL_#,6
ISS.AMS.DataGroup#.T,A#_SG_SHD_#,6
ISS.AMS.DataGroup#.T,A#_YY#C,13
ISS.AMS.DataGroup#.T,A#_SG#,2
ISS.AMS.DataGroup#.T,A#_GB#,32
ISS.AMS.DataGroup#.T,A#_YYF#,2
ISS.AMS.DataGroup#.T,A#_MG#,1
ISS.AMS.DataGroup#.T,A#_HEMS-#A,4
ISS.AMS.DataGroup#.T,A#_HEMS-#B,1
ISS.AMS.DataGroup#.T,A#_GC#,39
ISS.AMS.DataGroup#.T,A#_GE_SCR#,5
ISS.AMS.DataGroup#.T,A#_GE#_SCR#,126
ISS.AMS.DataGroup#.T,A#_ME_SCR#,5
ISS.AMS.DataGroup#.T,A#_BR_LVR#RPM,2
ISS.AMS.DataGroup#.T,A#_#GE_LOAD_KW,1
ISS.AMS.DataGroup#.T,A#_#_MG#F_#,11
ISS.AMS.DataGroup#.T,A#_#GE_LOAD_P,1
ISS.AMS.DataGroup#.T,A#_FUEL_INDEX,2
ISS.AMS.DataGroup#.T,A#_#_MG#A_#,10
ISS.AMS.DataGroup#.T,A#_GE#_M,3
ISS.AMS.DataGroup#.T,A#_EMS_MEAN,1
ISS.AMS.DataGroup#.T,A#_BL_TOTAL,1
ISS.AMS.DataGroup#.T,A#_DG#-I#,14
ISS.AMS.DataGroup#.T,A#_GE#_RED,3
ISS.AMS.DataGroup#.T,A#_D#A-I#,7
ISS.AMS.DataGroup#.T,A#_HEMS-#_A,1
ISS.AMS.DataGroup#.T,A#_D#B-I#,9
ISS.AMS.DataGroup#.T,A#_MG#F_#,46
ISS.AMS.DataGroup#.T,A#_ESS#,1
ISS.AMS.DataGroup#.T,A#_GA#_M,1
ISS.AMS.DataGroup#.T,A#_SPM_POWER_O,1
ISS.AMS.DataGroup#.T,A#_ENG#-#,5
ISS.AMS.DataGroup#.T,A#_GB#_M,1
ISS.AMS.DataGroup#.T,A#_#GENDPWRPER,2
ISS.AMS.DataGroup#.T,A#_#GENWHRS,2
ISS.AMS.DataGroup#.T,A#_#GENWMIN,2
ISS.AMS.DataGroup#.T,A#_#AGENDPWRPER,1
ISS.AMS.DataGroup#.T,A#_#AGENWHRS,1
ISS.AMS.DataGroup#.T,A#_#AGENWMIN,1
ISS.AMS.DataGroup#.T,A#_GC#_M,1
ISS.AMS.DataGroup#.T,A#_#BGENDPWRPER,1
ISS.AMS.DataGroup#.T,A#_#BGENWHRS,1
ISS.AMS.DataGroup#.T,A#_#BGENWMIN,1
ISS.AMS.DataGroup#.T,A#_GC#_#D,2
ISS.AMS.DataGroup#.T,A#_GE#_AO,3
ISS.AMS.DataGroup#.T,A#_GG#,2
ISS.AMS.DataGroup#.T,A#_GE_DENSITY,1
ISS.AMS.DataGroup#.T,A#_MIP_#_#,6
ISS.AMS.DataGroup#.T,A#_MG#A_#,47
ISS.AMS.DataGroup#.T,A#_AVG_MIP_#,1
ISS.AMS.DataGroup#.T,A#_PMAX_#_#,5
ISS.AMS.DataGroup#.T,A#_PMAX#_#,1
ISS.AMS.DataGroup#.T,A#_AVG_PMAX_#,1
ISS.AMS.DataGroup#.T,A#_PCOMP_#_#,6
ISS.AMS.DataGroup#.T,A#_CB#-#,2
ISS.AMS.DataGroup#.T,A#_AVG_PCOMP,1
ISS.AMS.DataGroup#.T,A#_PF#,4
ISS.AMS.DataGroup#.T,A#_SCAV_PRESS,1
ISS.AMS.DataGroup#.T,A#_ENG_SPEED,1
ISS.AMS.DataGroup#.T,A#_FO_TEMP,1
ISS.AMS.DataGroup#.T,A#_FO_DENS_#CE,1
ISS.AMS.DataGroup#.T,A#_TC_#_SPEED,1
ISS.AMS.DataGroup#.T,A#_CL#,12
ISS.AMS.DataGroup#.T,A#_PT#,2
ISS.AMS.DataGroup#.T,A#_CP#,12
ISS.AMS.DataGroup#.T,A#_RH#,4
ISS.AMS.DataGroup#.T,A#_CT#,12
ISS.AMS.DataGroup#.T,A#_SHIP_SPEED,1
ISS.AMS.DataGroup#.T,A#_ML#_RATE,1
ISS.AMS.DataGroup#.T,A#_MA#_M,1
ISS.AMS.DataGroup#.T,A#_SG_TEMP#,6
ISS.AMS.DataGroup#.T,A#_PMS#,3
ISS.AMS.DataGroup#.T,A#_FT_LVL_S,1
ISS.AMS.DataGroup#.T,A#_LI#,9
ISS.AMS.DataGroup#.T,A#_DRV_LOAD#,4
ISS.AMS.DataGroup#.T,A#_FT_T#,3
ISS.AMS.DataGroup#.T,A#_FT_T_AVG,1
ISS.AMS.DataGroup#.T,A#_FT_T_VAP,1
ISS.AMS.DataGroup#.T,A#_DT#_V_LC,2
ISS.AMS.DataGroup#.T,A#_DRAFT_A_S,1
ISS.AMS.DataGroup#.T,A#_WB#,16
ISS.AMS.DataGroup#.T,A#_DRAFT_S_S,1
ISS.AMS.DataGroup#.T,A#_DRAFT_P_S,1
ISS.AMS.DataGroup#.T,A#_DRAFT_F_S,1
ISS.AMS.DataGroup#.T,A#_TRIM,1
ISS.AMS.DataGroup#.T,A#_LIST,1
ISS.AMS.DataGroup#.T,A#_TTF#,1
ISS.AMS.DataGroup#.T,A#_SGA-GRID-LOD,1
ISS.AMS.DataGroup#.T,A#_ME_DENSITY,1
ISS.AMS.DataGroup#.T,A#_SGB-GRID-LOD,1
ISS.AMS.DataGroup#.T,A#_FTF#,1
ISS.AMS.DataGroup#.T,A#_IT#,4
ISS.AMS.DataGroup#.T,A#_PD#,8
ISS.AMS.DataGroup#.T,A#_FEED_RATE_C#,6
ISS.AMS.DataGroup#.T,A#_LCV,1
ISS.AMS.DataGroup#.T,A#_ML#_M,2
ISS.AMS.DataGroup#.T,A#_SF_flow,1
ISS.AMS.DataGroup#.T,A#_#CL_P_T,6
ISS.AMS.DataGroup#.T,A#_#CL_E_T,6
ISS.AMS.DataGroup#.T,A#_DG#-RAT-KW,2
ISS.AMS.DataGroup#.T,A#_DG#A-RAT-KW,1
ISS.AMS.DataGroup#.T,A#_SC#F_#,8
ISS.AMS.DataGroup#.T,A#_DG#B-RAT-KW,1
ISS.AMS.DataGroup#.T,A#_SC#A_#,8
ISS.AMS.DataGroup#.T,A#_STSP_IBT,1
ISS.AMS.DataGroup#.T,A#_STSS_IBT,1
ISS.AMS.DataGroup#.T,A#_CT#P_T#,12
ISS.AMS.DataGroup#.T,A#_CT#S_T#,12
ISS.AMS.DataGroup#.T,A#_CT#_T_DOME,4
ISS.AMS.DataGroup#.T,A#_SG_LOAD-A,1
ISS.AMS.DataGroup#.T,A#_SG_LOAD-B,1
ISS.AMS.DataGroup#.T,A#_SG_MISC#,1
ISS.AMS.DataGroup#.T,A#_ST#,3
ISS.AMS.DataGroup#.T,A#_WB#_V#,21
ISS.AMS.DataGroup#.T,AB_#,3
ISS.AMS.DataGroup#.T,_AB_#-XA,3
ISS.AMS.DataGroup#.T,_AB_#_YIR,2
ISS.AMS.DataGroup#.T,_AB_#-YIR,1
ISS.AMS.DataGroup#.T,_AB_F#-TIAHL,1
ISS.AMS.DataGroup#.T,_AB_F#-PIAHL,1
ISS.AMS.DataGroup#.T,_AB_PIAHL#,1
ISS.AMS.DataGroup#.T,_AB_XA#,1
ISS.AMS.DataGroup#.T,_AB_XI#,2
ISS.AMS.DataGroup#.T,_AB_XI#_Y,1
ISS.AMS.DataGroup#.T,_AM#_GE,1
ISS.AMS.DataGroup#.T,_AM#,7
ISS.AMS.DataGroup#.T,_AMSI_FS#_#_Y,6
ISS.AMS.DataGroup#.T,_AMSI_LS#_#_Y,1
ISS.AMS.DataGroup#.T,_AMSI_PDT#_Y,1
ISS.AMS.DataGroup#.T,_AMSI_PDT#_#_Y,1
ISS.AMS.DataGroup#.T,_AMSI_PT#A_Y,4
ISS.AMS.DataGroup#.T,_AMSI_PT#_Y,6
ISS.AMS.DataGroup#.T,_AMSI_PT#I_Y,1
ISS.AMS.DataGroup#.T,_AMSI_TE#A_Y,6
ISS.AMS.DataGroup#.T,_AMSI_TE#_#_#_Y,2
ISS.AMS.DataGroup#.T,_AMSI_TT#_#_Y,9
ISS.AMS.DataGroup#.T,_AMSI_TT#_Y,1
ISS.AMS.DataGroup#.T,_BA_TRIM_Y,1
ISS.AMS.DataGroup#.T,_BC#,5
ISS.AMS.DataGroup#.T,_BC_#,19
ISS.AMS.DataGroup#.T,_BC_#PTF#A,2
ISS.AMS.DataGroup#.T,_BC_#PTF#B,2
ISS.AMS.DataGroup#.T,_BC_#TTF#,2
ISS.AMS.DataGroup#.T,_BC_#TTF#A,2
ISS.AMS.DataGroup#.T,_BC_#TTF#B,2
ISS.AMS.DataGroup#.T,_BMS_#,2
ISS.AMS.DataGroup#.T,_BMS_#_YA,2
ISS.AMS.DataGroup#.T,_BMS_XA#_Y,8
ISS.AMS.DataGroup#.T,_BV#-#,6
ISS.AMS.DataGroup#.T,_CA_#PSA#-PCH,3
ISS.AMS.DataGroup#.T,_CB_BLR#_Y,3
ISS.AMS.DataGroup#.T,_CB_BLR#_YA,1
ISS.AMS.DataGroup#.T,_CB_PAHH#_Y,1
ISS.AMS.DataGroup#.T,_CB_XA#_Y,3
ISS.AMS.DataGroup#.T,_CB_XA#_YA,1
ISS.AMS.DataGroup#.T,_CG_#PT#_Y,4
ISS.AMS.DataGroup#.T,_CG_#TT#_Y,24
ISS.AMS.DataGroup#.T,_CMS#,66
ISS.AMS.DataGroup#.T,_CMS_#,83
ISS.AMS.DataGroup#.T,_CMS#L,11
ISS.AMS.DataGroup#.T,_CP_#-XI,3
ISS.AMS.DataGroup#.T,_CP_#-PI,3
ISS.AMS.DataGroup#.T,_CP_#-TI,1
ISS.AMS.DataGroup#.T,_CP_#-LI,1
ISS.AMS.DataGroup#.T,_CV_PT#_Y,8
ISS.AMS.DataGroup#.T,_CV_TK#P_AVRL_Y,4
ISS.AMS.DataGroup#.T,_CV_TK#P_AVRV_Y,4
ISS.AMS.DataGroup#.T,_CV_TK#S_AVRL_Y,4
ISS.AMS.DataGroup#.T,_CV_TK#S_AVRV_Y,4
ISS.AMS.DataGroup#.T,_CV_TT#_AO_Y,20
ISS.AMS.DataGroup#.T,_CV_YY#_Y,1
ISS.AMS.DataGroup#.T,_CW#,1
ISS.AMS.DataGroup#.T,_D#B-CONNECTD,1
ISS.AMS.DataGroup#.T,_DCM_FA#_#_Y,10
ISS.AMS.DataGroup#.T,_DCM_JT#C_Y,2
ISS.AMS.DataGroup#.T,_DCM_N#_Y,2
ISS.AMS.DataGroup#.T,_DCM_PT#A_Y,4
ISS.AMS.DataGroup#.T,_DCM_SPD_Y,1
ISS.AMS.DataGroup#.T,_DCM_ST#C_Y,2
ISS.AMS.DataGroup#.T,_DCM_TE#A_Y,26
ISS.AMS.DataGroup#.T,_DCM_TE#C_Y,21
ISS.AMS.DataGroup#.T,_DCM_XO_#,2
ISS.AMS.DataGroup#.T,_DG#_SPM,4
ISS.AMS.DataGroup#.T,_DG#-SHD,3
ISS.AMS.DataGroup#.T,_DP#_SPM,4
ISS.AMS.DataGroup#.T,_DRAFT_AFT_Y,1
ISS.AMS.DataGroup#.T,_DRAFT_FWD_Y,1
ISS.AMS.DataGroup#.T,_DRAFT_PORT_Y,1
ISS.AMS.DataGroup#.T,_DRAFT_STBD_Y,1
ISS.AMS.DataGroup#.T,_EC#GE#,5
ISS.AMS.DataGroup#.T,EG_#,11
ISS.AMS.DataGroup#.T,EG_#LSZ#,11
ISS.AMS.DataGroup#.T,EG_#TTZ#H,1
ISS.AMS.DataGroup#.T,EG_#TTZ#L,1
ISS.AMS.DataGroup#.T,_EGC#,1
ISS.AMS.DataGroup#.T,EG_LTZ#,2
ISS.AMS.DataGroup#.T,_EL#,6
ISS.AMS.DataGroup#.T,_EMS-#,103
ISS.AMS.DataGroup#.T,_EMS_MEAN,1
ISS.AMS.DataGroup#.T,_EMS_PT#_Y,1
ISS.AMS.DataGroup#.T,_ES#,6
ISS.AMS.DataGroup#.T,_ESD_ESDE#,4
ISS.AMS.DataGroup#.T,FA_#,2
ISS.AMS.DataGroup#.T,_FA_#,1
ISS.AMS.DataGroup#.T,_FC_GE,1
ISS.AMS.DataGroup#.T,_FC_ME,1
ISS.AMS.DataGroup#.T,_FG_#FT#_Y,1
ISS.AMS.DataGroup#.T,_FG_P#CUR_Y,2
ISS.AMS.DataGroup#.T,_FG_P#_#_Y,4
ISS.AMS.DataGroup#.T,_FG_P#FB_Y,2
ISS.AMS.DataGroup#.T,_FG_P#SET_Y,2
ISS.AMS.DataGroup#.T,_FG_XC#C_Y,1
ISS.AMS.DataGroup#.T,_FG_XC#_Y,1
ISS.AMS.DataGroup#.T,_FM#_XI#_Y,11
ISS.AMS.DataGroup#.T,_FN#,2
ISS.AMS.DataGroup#.T,_FO#,1
ISS.AMS.DataGroup#.T,_FO_#-FI,8
ISS.AMS.DataGroup#.T,_FO#.#,1
ISS.AMS.DataGroup#.T,_FO_#TTF#-TIAH,10
ISS.AMS.DataGroup#.T,_FOS#_VIAHL#,2
ISS.AMS.DataGroup#.T,_FOS_GCV_#_#_Y,1
ISS.AMS.DataGroup#.T,_FOS_GVISCO#_Y,1
ISS.AMS.DataGroup#.T,_FOS_MCV_#_#_Y,1
ISS.AMS.DataGroup#.T,_FOS_MVISCO#_Y,1
ISS.AMS.DataGroup#.T,_FOT_TIAH#,6
ISS.AMS.DataGroup#.T,_FS_XAI#_Y,2
ISS.AMS.DataGroup#.T,_FS_XI#_Y,4
ISS.AMS.DataGroup#.T,_FW_W#VA_Y,1
ISS.AMS.DataGroup#.T,GA_#,39
ISS.AMS.DataGroup#.T,GA_#_#,2
ISS.AMS.DataGroup#.T,_GA_#_Y,2
ISS.AMS.DataGroup#.T,_GA_#_#_Y,1
ISS.AMS.DataGroup#.T,_GA_#,17
ISS.AMS.DataGroup#.T,_GA_DTE#_Y,8
ISS.AMS.DataGroup#.T,_GA_LAL#_Y,1
ISS.AMS.DataGroup#.T,_GA_PI#F_Y,1
ISS.AMS.DataGroup#.T,_GA_PSL#_#,1
ISS.AMS.DataGroup#.T,_GA_PSL#_#_Y,2
ISS.AMS.DataGroup#.T,_GA_PSL#_Y,3
ISS.AMS.DataGroup#.T,_GA_PSL#_YA,1
ISS.AMS.DataGroup#.T,_GA_PT#,1
ISS.AMS.DataGroup#.T,_GA_PT#_PAL,1
ISS.AMS.DataGroup#.T,_GA_SAH#_Y,1
ISS.AMS.DataGroup#.T,_GA_SE#_#_Y,4
ISS.AMS.DataGroup#.T,_GA_SE#F_Y,1
ISS.AMS.DataGroup#.T,_GA_SE#_YA,1
ISS.AMS.DataGroup#.T,_GA_SS#_YA,1
ISS.AMS.DataGroup#.T,_GA_SX#_YA,1
ISS.AMS.DataGroup#.T,_GA_SX#_#_Y,1
ISS.AMS.DataGroup#.T,_GA_TAD#_Y,1
ISS.AMS.DataGroup#.T,_GA_TE#_B_Y,1
ISS.AMS.DataGroup#.T,_GA_TE#F_Y,1
ISS.AMS.DataGroup#.T,_GA_TI#F_Y,1
ISS.AMS.DataGroup#.T,_GA_TI#_Y,2
ISS.AMS.DataGroup#.T,_GA_TSE#_Y,1
ISS.AMS.DataGroup#.T,_GA_TSE#_YA,1
ISS.AMS.DataGroup#.T,_GA_TSH#_#,1
ISS.AMS.DataGroup#.T,_GA_TSH#_#_Y,2
ISS.AMS.DataGroup#.T,_GA_TSH#_Y,3
ISS.AMS.DataGroup#.T,_GA_TSH#_YA,1
ISS.AMS.DataGroup#.T,_GA_UG#_Y,1
ISS.AMS.DataGroup#.T,_GA_XA#_Y,3
ISS.AMS.DataGroup#.T,_GA_XI#_Y,1
ISS.AMS.DataGroup#.T,_GA_ZS#_YA,1
ISS.AMS.DataGroup#.T,GB_#,39
ISS.AMS.DataGroup#.T,GB_#_#,2
ISS.AMS.DataGroup#.T,_GB_#_Y,2
ISS.AMS.DataGroup#.T,_GB_#_#_Y,1
ISS.AMS.DataGroup#.T,_GB_#,17
ISS.AMS.DataGroup#.T,_GB_DTE#_Y,8
ISS.AMS.DataGroup#.T,_GB_LAL#_Y,1
ISS.AMS.DataGroup#.T,_GB_PI#F_Y,1
ISS.AMS.DataGroup#.T,_GB_PSL#_#,1
ISS.AMS.DataGroup#.T,_GB_PSL#_#_Y,2
ISS.AMS.DataGroup#.T,_GB_PSL#_Y,3
ISS.AMS.DataGroup#.T,_GB_PSL#_YA,1
ISS.AMS.DataGroup#.T,_GB_PT#,1
ISS.AMS.DataGroup#.T,_GB_PT#_PAL,1
ISS.AMS.DataGroup#.T,_GB_SAH#_Y,1
ISS.AMS.DataGroup#.T,_GB_SE#_#_Y,4
ISS.AMS.DataGroup#.T,_GB_SE#F_Y,1
ISS.AMS.DataGroup#.T,_GB_SE#_YA,1
ISS.AMS.DataGroup#.T,_GB_SS#_YA,1
ISS.AMS.DataGroup#.T,_GB_SX#_YA,1
ISS.AMS.DataGroup#.T,_GB_SX#_#_Y,1
ISS.AMS.DataGroup#.T,_GB_TAD#_Y,1
ISS.AMS.DataGroup#.T,_GB_TE#_B_Y,1
ISS.AMS.DataGroup#.T,_GB_TE#F_Y,1
ISS.AMS.DataGroup#.T,_GB_TI#F_Y,1
ISS.AMS.DataGroup#.T,_GB_TI#_Y,2
ISS.AMS.DataGroup#.T,_GB_TSE#_Y,1
ISS.AMS.DataGroup#.T,_GB_TSE#_YA,1
ISS.AMS.DataGroup#.T,_GB_TSH#_#,1
ISS.AMS.DataGroup#.T,_GB_TSH#_#_Y,2
ISS.AMS.DataGroup#.T,_GB_TSH#_Y,3
ISS.AMS.DataGroup#.T,_GB_TSH#_YA,1
ISS.AMS.DataGroup#.T,_GB_UX#_Y,1
ISS.AMS.DataGroup#.T,_GB_XA#_Y,2
ISS.AMS.DataGroup#.T,_GB_XI#_Y,1
ISS.AMS.DataGroup#.T,_GB_ZS#_Y,1
ISS.AMS.DataGroup#.T,_GB_ZS#_YA,1
ISS.AMS.DataGroup#.T,GC_#,39
ISS.AMS.DataGroup#.T,GC_#_#,2
ISS.AMS.DataGroup#.T,_GC_#_Y,2
ISS.AMS.DataGroup#.T,_GC_#_#_Y,1
ISS.AMS.DataGroup#.T,_GC_#,17
ISS.AMS.DataGroup#.T,_GC_DTE#_Y,8
ISS.AMS.DataGroup#.T,_GC_LAL#_Y,1
ISS.AMS.DataGroup#.T,_GC_PI#F_Y,1
ISS.AMS.DataGroup#.T,_GC_PSL#_#,1
ISS.AMS.DataGroup#.T,_GC_PSL#_#_Y,2
ISS.AMS.DataGroup#.T,_GC_PSL#_Y,3
ISS.AMS.DataGroup#.T,_GC_PSL#_YA,1
ISS.AMS.DataGroup#.T,_GC_PT#,1
ISS.AMS.DataGroup#.T,_GC_PT#_PAL,1
ISS.AMS.DataGroup#.T,_GC_SAH#_Y,1
ISS.AMS.DataGroup#.T,_GC_SE#_#_Y,4
ISS.AMS.DataGroup#.T,_GC_SE#F_Y,1
ISS.AMS.DataGroup#.T,_GC_SE#_YA,1
ISS.AMS.DataGroup#.T,_GC_SS#_Y,2
ISS.AMS.DataGroup#.T,_GC_SS#_YA,1
ISS.AMS.DataGroup#.T,_GC_SX#_YA,1
ISS.AMS.DataGroup#.T,_GC_SX#_#_Y,1
ISS.AMS.DataGroup#.T,_GC_TAD#_Y,1
ISS.AMS.DataGroup#.T,_GC_TE#_B_Y,1
ISS.AMS.DataGroup#.T,_GC_TE#F_Y,1
ISS.AMS.DataGroup#.T,_GC_TI#F_Y,1
ISS.AMS.DataGroup#.T,_GC_TI#_Y,2
ISS.AMS.DataGroup#.T,_GC_TSE#_Y,1
ISS.AMS.DataGroup#.T,_GC_TSE#_YA,1
ISS.AMS.DataGroup#.T,_GC_TSH#_#,1
ISS.AMS.DataGroup#.T,_GC_TSH#_#_Y,2
ISS.AMS.DataGroup#.T,_GC_TSH#_Y,2
ISS.AMS.DataGroup#.T,_GC_TSH#_YA,1
ISS.AMS.DataGroup#.T,_GC_UX#_Y,2
ISS.AMS.DataGroup#.T,_GC_XA#_Y,2
ISS.AMS.DataGroup#.T,_GC_XI#_Y,1
ISS.AMS.DataGroup#.T,_GC_ZS#_Y,1
ISS.AMS.DataGroup#.T,_GC_ZS#_YA,1
ISS.AMS.DataGroup#.T,_GD_#_Y,1
ISS.AMS.DataGroup#.T,_GE#_#_Y,3
ISS.AMS.DataGroup#.T,_GE#-#,9
ISS.AMS.DataGroup#.T,_GE#-#A,3
ISS.AMS.DataGroup#.T,_GE#_#-ZT,2
ISS.AMS.DataGroup#.T,_GE#_#_XYC,5
ISS.AMS.DataGroup#.T,_GE#A,3
ISS.AMS.DataGroup#.T,_GE#_#-YIR,5
ISS.AMS.DataGroup#.T,_GE#_#-XA,20
ISS.AMS.DataGroup#.T,_GE#_#-XIAH,4
ISS.AMS.DataGroup#.T,_GE#AWG-#,6
ISS.AMS.DataGroup#.T,_GE#EGMT,3
ISS.AMS.DataGroup#.T,_GE#_GE_#_UA#,3
ISS.AMS.DataGroup#.T,_GE#_GE_#_YISH,3
ISS.AMS.DataGroup#.T,_GE#_LSH#-XA,5
ISS.AMS.DataGroup#.T,_GE#M,3
ISS.AMS.DataGroup#.T,_GE#_PI_PT#,33
ISS.AMS.DataGroup#.T,_GE#_PSL#A-PAL,5
ISS.AMS.DataGroup#.T,_GE#_PSL#B-PAL,5
ISS.AMS.DataGroup#.T,_GE#_PT#-PIAL,5
ISS.AMS.DataGroup#.T,_GE#_SAH#-XA,5
ISS.AMS.DataGroup#.T,_GE#_SE#-ST,5
ISS.AMS.DataGroup#.T,_GE#_SE#_Y,5
ISS.AMS.DataGroup#.T,_GE#_SS#_Y,15
ISS.AMS.DataGroup#.T,_GE#_SSH#-XA,10
ISS.AMS.DataGroup#.T,_GE#_SSH#_Y,5
ISS.AMS.DataGroup#.T,_GE#_TE#_Y,5
ISS.AMS.DataGroup#.T,_GE#_TI#_Y,5
ISS.AMS.DataGroup#.T,_GE#_TIAH#_Y,5
ISS.AMS.DataGroup#.T,_GE#_TI_TE#,9
ISS.AMS.DataGroup#.T,_GE#_TSH#_Y,5
ISS.AMS.DataGroup#.T,_GE#_TSH#A-TAHH,5
ISS.AMS.DataGroup#.T,_GE#_TSH#B-TAHH,5
ISS.AMS.DataGroup#.T,_GE#_XI_#,24
ISS.AMS.DataGroup#.T,_GE#_XI_CV#,3
ISS.AMS.DataGroup#.T,_GE#_XI_LT#,15
ISS.AMS.DataGroup#.T,_GE#_XI_SV#,3
ISS.AMS.DataGroup#.T,_GE#_XO#,3
ISS.AMS.DataGroup#.T,_GE#_ZT#-ZT,5
ISS.AMS.DataGroup#.T,_GE#_#_ZT,3
ISS.AMS.DataGroup#.T,_GE_DENSITY,1
ISS.AMS.DataGroup#.T,_GE_TOTAL,1
ISS.AMS.DataGroup#.T,GG_#,1
ISS.AMS.DataGroup#.T,_GG_#_Y,3
ISS.AMS.DataGroup#.T,_GG_#,2
ISS.AMS.DataGroup#.T,_GG#.#,1
ISS.AMS.DataGroup#.T,_GG_#TTF#,1
ISS.AMS.DataGroup#.T,_GG_VISCO#_Y,2
ISS.AMS.DataGroup#.T,_IH#,2
ISS.AMS.DataGroup#.T,_ISS#-#,2
ISS.AMS.DataGroup#.T,_ISS_#-XC,1
ISS.AMS.DataGroup#.T,LC_#LTY#F,10
ISS.AMS.DataGroup#.T,LC_#LTY#L,10
ISS.AMS.DataGroup#.T,LC_#LTY#M,10
ISS.AMS.DataGroup#.T,LC_#LTY#V,10
ISS.AMS.DataGroup#.T,LC_#TTF#,8
ISS.AMS.DataGroup#.T,LC_DFL,1
ISS.AMS.DataGroup#.T,LC_DRAFT_AFT,1
ISS.AMS.DataGroup#.T,LC_DRAFT_FWD,1
ISS.AMS.DataGroup#.T,LC_DRAFT_MEAN,1
ISS.AMS.DataGroup#.T,LC_DRAFT_MID,1
ISS.AMS.DataGroup#.T,LC_DSPL,1
ISS.AMS.DataGroup#.T,LC_DWT,1
ISS.AMS.DataGroup#.T,LC_GGO_CRR,1
ISS.AMS.DataGroup#.T,LC_GM,1
ISS.AMS.DataGroup#.T,LC_GM_CRR,1
ISS.AMS.DataGroup#.T,LC_GM_RQRD,1
ISS.AMS.DataGroup#.T,LC_HBM,1
ISS.AMS.DataGroup#.T,LC_HBM_F,1
ISS.AMS.DataGroup#.T,LC_HBM_R,1
ISS.AMS.DataGroup#.T,LC_KB,1
ISS.AMS.DataGroup#.T,LC_KG,1
ISS.AMS.DataGroup#.T,LC_KG_ALWD,1
ISS.AMS.DataGroup#.T,LC_KM,1
ISS.AMS.DataGroup#.T,LC_LCB,1
ISS.AMS.DataGroup#.T,LC_LCF,1
ISS.AMS.DataGroup#.T,LC_LCG,1
ISS.AMS.DataGroup#.T,LC_LIST,1
ISS.AMS.DataGroup#.T,LC_LT#,8
ISS.AMS.DataGroup#.T,LC_LT#F,8
ISS.AMS.DataGroup#.T,LC_LT#M,8
ISS.AMS.DataGroup#.T,LC_LT#V,8
ISS.AMS.DataGroup#.T,LC_MOMENT,1
ISS.AMS.DataGroup#.T,LC_NFORC,1
ISS.AMS.DataGroup#.T,LC_NFORC_F,1
ISS.AMS.DataGroup#.T,LC_NFORC_R,1
ISS.AMS.DataGroup#.T,LC_PFORC,1
ISS.AMS.DataGroup#.T,LC_PFORC_F,1
ISS.AMS.DataGroup#.T,LC_PFORC_R,1
ISS.AMS.DataGroup#.T,LC_PI,1
ISS.AMS.DataGroup#.T,LC_PT#,4
ISS.AMS.DataGroup#.T,LC_RL_AMP,1
ISS.AMS.DataGroup#.T,LC_RL_PERI,1
ISS.AMS.DataGroup#.T,LC_SBM,1
ISS.AMS.DataGroup#.T,LC_SBM_F,1
ISS.AMS.DataGroup#.T,LC_SBM_R,1
ISS.AMS.DataGroup#.T,LC_SWD,1
ISS.AMS.DataGroup#.T,LC_TL#L,17
ISS.AMS.DataGroup#.T,LC_TL#F,13
ISS.AMS.DataGroup#.T,LC_TL#M,13
ISS.AMS.DataGroup#.T,LC_TL#V,13
ISS.AMS.DataGroup#.T,_LC_TL#L,1
ISS.AMS.DataGroup#.T,_LC_TL#M,1
ISS.AMS.DataGroup#.T,_LC_TL#V,1
ISS.AMS.DataGroup#.T,LC_TPC,1
ISS.AMS.DataGroup#.T,LC_TRIM,1
ISS.AMS.DataGroup#.T,LC_TRIMG,1
ISS.AMS.DataGroup#.T,LC_TT#,8
ISS.AMS.DataGroup#.T,_LF#,1
ISS.AMS.DataGroup#.T,_LFS_#FT#_Y,1
ISS.AMS.DataGroup#.T,_LFS_PSD#_Y,6
ISS.AMS.DataGroup#.T,_LO#,3
ISS.AMS.DataGroup#.T,_LO_#TTL#_Y,1
ISS.AMS.DataGroup#.T,_LO_#TTLP#_Y,4
ISS.AMS.DataGroup#.T,_LT_LI#,8
ISS.AMS.DataGroup#.T,_LT_LIAH#,6
ISS.AMS.DataGroup#.T,_LT_LIAHL#,3
ISS.AMS.DataGroup#.T,__LT_LIAHL#,1
ISS.AMS.DataGroup#.T,_LT_LIAL#,1
ISS.AMS.DataGroup#.T,_LX_XI#_Y,4
ISS.AMS.DataGroup#.T,MA_#,8
ISS.AMS.DataGroup#.T,_MA_#_Y,1
ISS.AMS.DataGroup#.T,MA_#_#,2
ISS.AMS.DataGroup#.T,_MA#-#,7
ISS.AMS.DataGroup#.T,MA_#LSF#,1
ISS.AMS.DataGroup#.T,MA_#LSR#_I,1
ISS.AMS.DataGroup#.T,MA_#LSR#O,1
ISS.AMS.DataGroup#.T,MA_#LSR#,1
ISS.AMS.DataGroup#.T,MA_#LTR#I,1
ISS.AMS.DataGroup#.T,MA_#LTR#O,1
ISS.AMS.DataGroup#.T,MA_#TTR#,1
ISS.AMS.DataGroup#.T,MA_NOx#,3
ISS.AMS.DataGroup#.T,_MA_PDT#_#,2
ISS.AMS.DataGroup#.T,_MA_PDT#_#_O_Y,1
ISS.AMS.DataGroup#.T,_MA_PT#_A_Y,2
ISS.AMS.DataGroup#.T,_MA_PT#_B_Y,2
ISS.AMS.DataGroup#.T,_MA_PT#_Y,3
ISS.AMS.DataGroup#.T,_MA_PT#_O_Y,2
ISS.AMS.DataGroup#.T,_MA_PT#,2
ISS.AMS.DataGroup#.T,MA_PT#,2
ISS.AMS.DataGroup#.T,MA_SCR#,10
ISS.AMS.DataGroup#.T,_MA_TC#_#,4
ISS.AMS.DataGroup#.T,_MA_TE#_#,13
ISS.AMS.DataGroup#.T,MA_TE#,8
ISS.AMS.DataGroup#.T,_MA_TE#_O_Y,1
ISS.AMS.DataGroup#.T,_MA_TT#_#_O_Y,12
ISS.AMS.DataGroup#.T,_MA_TT#_#DHH_Y,4
ISS.AMS.DataGroup#.T,_MA_TT#_#DH_Y,3
ISS.AMS.DataGroup#.T,_MC#_SAFETY_SHD,1
ISS.AMS.DataGroup#.T,_MC#_SAFETY_SLD,1
ISS.AMS.DataGroup#.T,_MC#_WRONG_WAY,1
ISS.AMS.DataGroup#.T,_MC#_START_BLOCK,1
ISS.AMS.DataGroup#.T,_MC#_RPM_SYS_FAIL,1
ISS.AMS.DataGroup#.T,_MC#_START_FAILED,1
ISS.AMS.DataGroup#.T,_MC_#,19
ISS.AMS.DataGroup#.T,_MC#_LIMIT_INCR,1
ISS.AMS.DataGroup#.T,_MC#_EMCY_COMM,1
ISS.AMS.DataGroup#.T,_MC#_SHD_CANCELED,1
ISS.AMS.DataGroup#.T,_MC#_SLD_CANCELED,1
ISS.AMS.DataGroup#.T,_MC#_ME_SHD_PREW,1
ISS.AMS.DataGroup#.T,_MC#_ME_SLD_PREW,1
ISS.AMS.DataGroup#.T,_MC_#TTL#A,1
ISS.AMS.DataGroup#.T,_MC_#TTL#A_#,2
ISS.AMS.DataGroup#.T,_MC_#TTL#B,1
ISS.AMS.DataGroup#.T,_MC_BMS_#_Y,34
ISS.AMS.DataGroup#.T,_MC_BWMS_#_Y,1
ISS.AMS.DataGroup#.T,_MC_EMS#_Y,1
ISS.AMS.DataGroup#.T,_MC_EMS#_O_Y,8
ISS.AMS.DataGroup#.T,_MC_FILT#_Y,1
ISS.AMS.DataGroup#.T,_MC_LOAD#_Y,1
ISS.AMS.DataGroup#.T,_MC_LR#,19
ISS.AMS.DataGroup#.T,_MC_M#_#,2
ISS.AMS.DataGroup#.T,_MC_M#_#_Y,1
ISS.AMS.DataGroup#.T,_MC_M#_XA_Y,2
ISS.AMS.DataGroup#.T,_MC_M#_Y,2
ISS.AMS.DataGroup#.T,_MC_OCH_Y,1
ISS.AMS.DataGroup#.T,_MC_PI#,1
ISS.AMS.DataGroup#.T,_MC_PI#_Y,1
ISS.AMS.DataGroup#.T,_MC_PIAHL#,1
ISS.AMS.DataGroup#.T,_MC_PIAL#,4
ISS.AMS.DataGroup#.T,_MC_PT#_Y,2
ISS.AMS.DataGroup#.T,_MC_PT#_#_Y,1
ISS.AMS.DataGroup#.T,_MC_PT#_O_Y,1
ISS.AMS.DataGroup#.T,_MC_TIAH#,10
ISS.AMS.DataGroup#.T,_MC_TIAHL#,1
ISS.AMS.DataGroup#.T,_MC_TIAL#,2
ISS.AMS.DataGroup#.T,_MC_TT#_Y,1
ISS.AMS.DataGroup#.T,_MC_TT#_O_Y,1
ISS.AMS.DataGroup#.T,_MC_VBIAH#,1
ISS.AMS.DataGroup#.T,_MC_WT#_O_Y,1
ISS.AMS.DataGroup#.T,_MC_XA#_Y,17
ISS.AMS.DataGroup#.T,_MC_XC#_Y,1
ISS.AMS.DataGroup#.T,_MC_XI#,1
ISS.AMS.DataGroup#.T,_MC_XI#_Y,2
ISS.AMS.DataGroup#.T,_MC_XO#,1
ISS.AMS.DataGroup#.T,_MC_XT#_O_Y,1
ISS.AMS.DataGroup#.T,_MC_ZT#_O_Y,1
ISS.AMS.DataGroup#.T,_MC_ZT#_Y,1
ISS.AMS.DataGroup#.T,_MC_ZT#_#_O_Y,1
ISS.AMS.DataGroup#.T,_MC_ZT#_#_Y,1
ISS.AMS.DataGroup#.T,ME_#,36
ISS.AMS.DataGroup#.T,_ME_#_Y,5
ISS.AMS.DataGroup#.T,ME_#_#,4
ISS.AMS.DataGroup#.T,_ME_#-XA,1
ISS.AMS.DataGroup#.T,_ME_#-PI,28
ISS.AMS.DataGroup#.T,_ME_#-XI,53
ISS.AMS.DataGroup#.T,_ME_#-TI,1
ISS.AMS.DataGroup#.T,_ME_APOWER,1
ISS.AMS.DataGroup#.T,_ME_BMS#-XA,10
ISS.AMS.DataGroup#.T,_ME_BMS#-XI,2
ISS.AMS.DataGroup#.T,_ME_BMS#-TI,12
ISS.AMS.DataGroup#.T,_ME_BMS#-SLD,19
ISS.AMS.DataGroup#.T,_ME_BX#C#,1
ISS.AMS.DataGroup#.T,_ME_BX#C,1
ISS.AMS.DataGroup#.T,_ME_CV#CB,6
ISS.AMS.DataGroup#.T,_ME_DENSITY,1
ISS.AMS.DataGroup#.T,_ME_EC_ESTPWR,1
ISS.AMS.DataGroup#.T,_ME_EMS#_Y,90
ISS.AMS.DataGroup#.T,_ME_EM_STOP,1
ISS.AMS.DataGroup#.T,_ME_EXTSPEED,1
ISS.AMS.DataGroup#.T,_ME_FMARGIN,1
ISS.AMS.DataGroup#.T,_ME_FS#_#_YA,6
ISS.AMS.DataGroup#.T,_ME_FUELC,1
ISS.AMS.DataGroup#.T,_ME_G_TRIPBRIDGE,1
ISS.AMS.DataGroup#.T,_ME_G_TRIPECR,1
ISS.AMS.DataGroup#.T,_ME_G_TRIPLOC,1
ISS.AMS.DataGroup#.T,_ME_INJEC#G,1
ISS.AMS.DataGroup#.T,_ME_INTSPEED,1
ISS.AMS.DataGroup#.T,_ME_LOAD#,1
ISS.AMS.DataGroup#.T,_ME_LS#_Y,1
ISS.AMS.DataGroup#.T,_ME_MDO,1
ISS.AMS.DataGroup#.T,_ME_OMD_#_Y,1
ISS.AMS.DataGroup#.T,_ME_OVERSPD,1
ISS.AMS.DataGroup#.T,_ME_PDT#_Y,1
ISS.AMS.DataGroup#.T,_ME_PDT#-PI,1
ISS.AMS.DataGroup#.T,_ME_PS#S,4
ISS.AMS.DataGroup#.T,_ME_PT#C,1
ISS.AMS.DataGroup#.T,_ME_PT#CA,8
ISS.AMS.DataGroup#.T,_ME_PT#CB,7
ISS.AMS.DataGroup#.T,_ME_PT#CG,2
ISS.AMS.DataGroup#.T,_ME_PT#_Y,4
ISS.AMS.DataGroup#.T,ME_PT#,3
ISS.AMS.DataGroup#.T,_ME_PT#-PI,2
ISS.AMS.DataGroup#.T,_ME_RPM_FAIL,1
ISS.AMS.DataGroup#.T,_ME_SHD,1
ISS.AMS.DataGroup#.T,_ME_SLD,1
ISS.AMS.DataGroup#.T,_MESLD#,15
ISS.AMS.DataGroup#.T,_ME_ST#CA,2
ISS.AMS.DataGroup#.T,_ME_ST#CB,1
ISS.AMS.DataGroup#.T,_ME_STARTB,1
ISS.AMS.DataGroup#.T,_ME_SULFUR_H,1
ISS.AMS.DataGroup#.T,_ME_SULFUR_M,1
ISS.AMS.DataGroup#.T,_ME_TE#A,13
ISS.AMS.DataGroup#.T,_ME_TE#CA,14
ISS.AMS.DataGroup#.T,_ME_TE#-TIAH,3
ISS.AMS.DataGroup#.T,_ME_TE#-TI,2
ISS.AMS.DataGroup#.T,_ME_TOTAL,1
ISS.AMS.DataGroup#.T,_ME_TS#S,1
ISS.AMS.DataGroup#.T,_ME_TT#A,1
ISS.AMS.DataGroup#.T,_ME_TT#_Y,1
ISS.AMS.DataGroup#.T,_ME_TT#_#_Y,15
ISS.AMS.DataGroup#.T,_ME_UNIC_SHD,1
ISS.AMS.DataGroup#.T,_ME_WRONG_WAY,1
ISS.AMS.DataGroup#.T,_ME_XC#_Y,1
ISS.AMS.DataGroup#.T,_ME_XS#C,2
ISS.AMS.DataGroup#.T,MF_#,3
ISS.AMS.DataGroup#.T,_MF_#_Y,1
ISS.AMS.DataGroup#.T,_MF_#,28
ISS.AMS.DataGroup#.T,_MF#O,1
ISS.AMS.DataGroup#.T,MF_#LTY#,11
ISS.AMS.DataGroup#.T,_MF_#TTF#,10
ISS.AMS.DataGroup#.T,_MF_PT#_O_Y,1
ISS.AMS.DataGroup#.T,_MF_TT#_O_Y,1
ISS.AMS.DataGroup#.T,_MF_VISCO#_Y,1
ISS.AMS.DataGroup#.T,_MG#,1
ISS.AMS.DataGroup#.T,_MI_#_Y,1
ISS.AMS.DataGroup#.T,_MI#,27
ISS.AMS.DataGroup#.T,_MI_XO#_Y,6
ISS.AMS.DataGroup#.T,ML_#,4
ISS.AMS.DataGroup#.T,_ML_#_Y,2
ISS.AMS.DataGroup#.T,_ML#-#,8
ISS.AMS.DataGroup#.T,_ML_#,2
ISS.AMS.DataGroup#.T,_ML#_RATE,1
ISS.AMS.DataGroup#.T,ML_#TTL#,3
ISS.AMS.DataGroup#.T,_ML_#TTL#_Y,3
ISS.AMS.DataGroup#.T,_ML_#TTL#,2
ISS.AMS.DataGroup#.T,ML_#LSL#,2
ISS.AMS.DataGroup#.T,_ML_FS#_#,7
ISS.AMS.DataGroup#.T,ML_FS#,6
ISS.AMS.DataGroup#.T,_ML_FS#_#_Y,6
ISS.AMS.DataGroup#.T,_ML_L#VA_Y,1
ISS.AMS.DataGroup#.T,ML_LS#,3
ISS.AMS.DataGroup#.T,_ML_PT#_#_O_Y,1
ISS.AMS.DataGroup#.T,_ML_PT#_O_Y,1
ISS.AMS.DataGroup#.T,_ML_TE#,2
ISS.AMS.DataGroup#.T,ML_TE#,2
ISS.AMS.DataGroup#.T,_ML_TE#_#,14
ISS.AMS.DataGroup#.T,_ML_TT#_O_Y,3
ISS.AMS.DataGroup#.T,_ML_TT#_Y,2
ISS.AMS.DataGroup#.T,_ML_TT#_#_O_Y,19
ISS.AMS.DataGroup#.T,_MP_#_Y,3
ISS.AMS.DataGroup#.T,_MP_#TTL#_Y,1
ISS.AMS.DataGroup#.T,_MP_PT#_Y,1
ISS.AMS.DataGroup#.T,_MP_XA#_Y,1
ISS.AMS.DataGroup#.T,_MP_XO#_Y,2
ISS.AMS.DataGroup#.T,_MS_#_Y,2
ISS.AMS.DataGroup#.T,MS_#,2
ISS.AMS.DataGroup#.T,_MS#-#,6
ISS.AMS.DataGroup#.T,_MS#-#HH,1
ISS.AMS.DataGroup#.T,_MSC_#-XC,25
ISS.AMS.DataGroup#.T,_MSE_#-XI,11
ISS.AMS.DataGroup#.T,_MSE_#-FI,6
ISS.AMS.DataGroup#.T,_MSE_#-PDI,1
ISS.AMS.DataGroup#.T,_MSE_#-TI,12
ISS.AMS.DataGroup#.T,_MSE_#-DPI,5
ISS.AMS.DataGroup#.T,MW_#,1
ISS.AMS.DataGroup#.T,_MW_#_Y,1
ISS.AMS.DataGroup#.T,_MW#-#,6
ISS.AMS.DataGroup#.T,MW_#TTW#,1
ISS.AMS.DataGroup#.T,_MW_PDT#_O_Y,1
ISS.AMS.DataGroup#.T,_MW_PDT#_Y,1
ISS.AMS.DataGroup#.T,MW_PDT#,2
ISS.AMS.DataGroup#.T,_MW_PT#_O_Y,2
ISS.AMS.DataGroup#.T,_MW_PT#_Y,2
ISS.AMS.DataGroup#.T,MW_PT#,1
ISS.AMS.DataGroup#.T,_MW_PT#_#_O_Y,1
ISS.AMS.DataGroup#.T,_MW_TE#,2
ISS.AMS.DataGroup#.T,_MW_TE#_#,9
ISS.AMS.DataGroup#.T,MW_TE#,8
ISS.AMS.DataGroup#.T,_MW_TE#_O_Y,1
ISS.AMS.DataGroup#.T,_MW_TT#_O_Y,1
ISS.AMS.DataGroup#.T,_MW_TT#_#_O_Y,13
ISS.AMS.DataGroup#.T,_MW_TT#_#_Y,7
ISS.AMS.DataGroup#.T,_NG_#_Y,1
ISS.AMS.DataGroup#.T,_NOx#-#,3
ISS.AMS.DataGroup#.T,PM_#,6
ISS.AMS.DataGroup#.T,_PMS#,6
ISS.AMS.DataGroup#.T,_PMS_#,27
ISS.AMS.DataGroup#.T,_PMS_#USEDPWR_Y,2
ISS.AMS.DataGroup#.T,_PMS_#AGENPF_Y,1
ISS.AMS.DataGroup#.T,_PMS_#APT#ST_Y,1
ISS.AMS.DataGroup#.T,_PMS_#APT#ND_Y,1
ISS.AMS.DataGroup#.T,_PMS_#AUSEDPWR_Y,1
ISS.AMS.DataGroup#.T,_PMS_#BGENPF_Y,1
ISS.AMS.DataGroup#.T,_PMS_#BPT#ST_Y,1
ISS.AMS.DataGroup#.T,_PMS_#BPT#ND_Y,1
ISS.AMS.DataGroup#.T,_PMS_#BUSEDPWR_Y,1
ISS.AMS.DataGroup#.T,_PMS_#DCTTRIP_Y,2
ISS.AMS.DataGroup#.T,_PMS_SGENCUR_P_Y,1
ISS.AMS.DataGroup#.T,_PMS_SPT#ST_Y,1
ISS.AMS.DataGroup#.T,_PMS_SPT#ND_Y,1
ISS.AMS.DataGroup#.T,_PMS_SSPING_Y,1
ISS.AMS.DataGroup#.T,_PMS_SUSEDPWR_Y,1
ISS.AMS.DataGroup#.T,_RPM_CRI,1
ISS.AMS.DataGroup#.T,_SC_#,26
ISS.AMS.DataGroup#.T,_SCR#-#R,6
ISS.AMS.DataGroup#.T,_SCRD#,21
ISS.AMS.DataGroup#.T,_SCRM#,8
ISS.AMS.DataGroup#.T,_SCR_NT#_#_Y,3
ISS.AMS.DataGroup#.T,_SCR_PT#_Y,8
ISS.AMS.DataGroup#.T,_SD_#,19
ISS.AMS.DataGroup#.T,_SG_#_Y,12
ISS.AMS.DataGroup#.T,_SHD_#,9
ISS.AMS.DataGroup#.T,_SLD_#,23
ISS.AMS.DataGroup#.T,_SLD #_GATE,2
ISS.AMS.DataGroup#.T,_SLD#_GATE,7
ISS.AMS.DataGroup#.T,SLD_#,20
ISS.AMS.DataGroup#.T,_SPM#,1
ISS.AMS.DataGroup#.T,_SPM_#,79
ISS.AMS.DataGroup#.T,_SPM_#_Y,2
ISS.AMS.DataGroup#.T,_SR_MESCR#_Y,2
ISS.AMS.DataGroup#.T,_ST#,4
ISS.AMS.DataGroup#.T,_ST_#LS#H_Y,1
ISS.AMS.DataGroup#.T,_ST_#LS#L_Y,1
ISS.AMS.DataGroup#.T,_ST_#PSL#_Y,1
ISS.AMS.DataGroup#.T,_ST_#TTL#_TAH_YA,2
ISS.AMS.DataGroup#.T,_ST_#TTL#_TAH_Y,1
ISS.AMS.DataGroup#.T,_ST_#LSL#_Y,1
ISS.AMS.DataGroup#.T,_ST_#LSL#H_Y,1
ISS.AMS.DataGroup#.T,_ST_#LSL#L_Y,1
ISS.AMS.DataGroup#.T,_TH#_#-XI,3
ISS.AMS.DataGroup#.T,_TH#_T#-YIR,5
ISS.AMS.DataGroup#.T,_TH#_T#-XI,19
ISS.AMS.DataGroup#.T,_TH#_T#-XA,6
ISS.AMS.DataGroup#.T,_TH#_T#-LI,7
ISS.AMS.DataGroup#.T,_TH#_T#-ST,5
ISS.AMS.DataGroup#.T,_TH#_T#-XC,1
ISS.AMS.DataGroup#.T,_TH_#-XC,5
ISS.AMS.DataGroup#.T,_TH_#_XI,6
ISS.AMS.DataGroup#.T,_TH_#-XI,4
ISS.AMS.DataGroup#.T,_TK_#LV,13
ISS.AMS.DataGroup#.T,_TK_#T,9
ISS.AMS.DataGroup#.T,_TK_L#,8
ISS.AMS.DataGroup#.T,_WICE#,90
ISS.AMS.DataGroup#.T,_WICE_COID#_Y,13
ISS.AMS.DataGroup#.T,_WICE_CYID#_Y,42
DETotalThing,DoUse,8
DETotalThing,HFOUse,3
DETotalThing,FOConsumptionAccum,2
DETotalThing,ULSFOUse,2
LNGTank#Thing,Level,26
LNGTank#Thing,Pressure,26
LNGTank#Thing,Volume,20
LNGTank#Thing,Temperature_Vapor,8
LNGTank#Thing,Temperature#,26
LNGTank#Thing,Temperature_Liquid,6
LNGTank#Thing,_FG_L#A_#_Y_TK#_BOTTOM_FILLING_VV_ZC_L#A_CTRL,1
LNGTank#Thing,_FG_L#A_#_Y_TK#_TOP_FILLING_VV_ZC_L#A_CTRL,1
LNGTank#Thing,_FG_PIT_L#A_L_Y_TK#_PRESS,1
LNGTank#Thing,_FG_TMS_#_#_Y_TK#_PRIMARY_RADAR_FAILURE,2
LNGTank#Thing,_FG_TMS_#_#_Y_TK#_TEMP_UNIT_FAILURE_HART_,2
LNGTank#Thing,_FG_TMS_#_#_Y_TK#_TK#_SYSTEM_ALIVE,1
LNGTank#Thing,_FG_TMS_#_#_L_Y_TK#_AVERGE_LIQUID_TEMP,2
LNGTank#Thing,TK#_BOTTOM_FILLING_V_V_POSITION,2
LNGTank#Thing,TK#_PRIMARY_CALC_VOL,2
LNGTank#Thing,TK#_PRIMARY_LEVEL_AT_RADAR_POSITION,2
LNGTank#Thing,TK#_TOP_FILLING_V_V_POSITION,2
LNGTank#Thing,_FG_L#B_#_Y_TK#_BOTTOM_FILLING_VV_ZC_L#B_CTRL,1
LNGTank#Thing,_FG_L#B_#_Y_TK#_TOP_FILLING_VV_ZC_L#B_CTRL,1
LNGTank#Thing,_FG_PIT_L#B_L_Y_TK#_PRESS,1
METotalThing,DoUse,7
METotalThing,HFOUse,2
METotalThing,ULSFOUse,1
GCUThing,FGMassFlow,5
GCUThing,GCURunning,1
BOGThing,FBOG,4
BOGThing,VentMassFlow,3
BOGThing,VentMastFlow,1
SBTotalThing,DoUse,4
SBTotalThing,HFOUse,2
SBTotalThing,ULSFOUse,1
CargoHandling,BoostPp_Port_Current,3
CargoHandling,BoostPp_Stbd_Current,3
CargoHandling,CT#_DWPump_Port_Current,12
CargoHandling,CT#_DWPump_Stbd_Current,12
CargoHandling,LPGComp#_Port_Motor_Current,3
CargoHandling,LPGComp#_Cent_Motor_Current,3
CargoHandling,LPGComp#_Stbd_Motor_Current,3
CargoHandling,State_BogComp#_Running,2
CargoHandling,State_CT#_CargoPP#_Running,6
CargoHandling,State_N#GenComp_Running,1
CargoTK,CT#_P_Volume,12
CargoTK,CT#_S_Volume,12
CargoTK,CT#_Vapor_Press,12
CargoTK,CT#_P_Level,8
CargoTK,CT#_S_Level,8
CargoTK,CT#_Vapor_Temp,8
CargoTK,CT#_P_Liquid_AvgTemp,4
CargoTK,CT#_P_Vapor_Temp,4
CargoTK,CT#_S_Liquid_AvgTemp,4
CargoTK,CT#_S_Vapor_Temp,4
CHS,State_LPGComp#_Running,9
LFSS,FuelTK#_#perc_Temp,3
LFSS,Alarm_ESD_EmcyStop,2
LFSS,FuelTK#_Volume,2
LFSS,GWpump#_Motor_Current,4
LFSS,Hpfilter_Out_Press,2
LFSS,HPpump#_Discharge_Press,4
LFSS,HPpump#_Motor_Current,4
LFSS,HPpump_Suc_Press,2
LFSS,HPpump_Suc_Temp,2
LFSS,LPpump#_Discharge_Press,4
LFSS,LPpump#_Motor_Current,4
LFSS,State_FuelRunning,2
LFSS,State_HPpump#_Running,4
LFSS,State_LPpump#_Running,4
LFSS,FGSS_Discharge_Temp,1
LFSS,FGSS_Return_Temp,1
LFSS,FuelTK#_Level,1
LFSS,FVT_Filter_DiffPress,1
LFSS,LPpump_Discharge_Press,1
FuelOilSystem,FO_OvflTK_Volume,2
FuelOilSystem,FO_StrTK#_P_Volume,5
FuelOilSystem,FO_StrTK#_S_Volume,4
FuelOilSystem,LFO_ServTK#_Volume,2
FuelOilSystem,LFO_SettTK#_Volume,2
FuelOilSystem,MGO_ServTK#_Volume,2
FuelOilSystem,MGO_StrTK#_Volume,2
AZThruster#,BrgDE_Temp,2
AZThruster#,BrgNDE_Temp,2
AZThruster#,DCLink_VoltRate,2
AZThruster#,Motor_ActivePower,2
AZThruster#,Motor_ActivePowerRate,2
AZThruster#,Motor_CurrentRate,2
AZThruster#,Motor_PowerFactor,2
AZThruster#,Motor_ReactivePower,2
AZThruster#,Motor_Running,2
AZThruster#,Motor_Torque,2
AZThruster#,Motor_TorqueRate,2
AZThruster#,Motor_VoltRate,2
AZThruster#,Network_FreqRate,2
AZThruster#,Network_VoltRate,2
AZThruster#,Power,2
AZThruster#,RefTorqueLimit,2
AZThruster#,SetSpeed,2
AZThruster#,SetSpeedPercent,2
AZThruster#,Speed,2
AZThruster#,SpeedPercent,2
AZThruster#,State_ACB_Closed,2
AZThruster#,TRWindingTempU,2
AZThruster#,TRWindingTempV,2
AZThruster#,TRWindingTempW,2
AZThruster#,WindingTempU,2
AZThruster#,WindingTempV,2
AZThruster#,WindingTempW,2
BallastBilgeFireGSPump#,_BL_AC_#_Y_NO_#_BALLAST_BILGE_FIRE_GS_PP_START,2
BallastBilgeFireGSPump#,_BL_AC_#_Y_NO_#_BALLAST_BILGE_FIRE_GS_PP_STOP,2
BallastBilgeFireGSPump#,_BL_AC_#_Y_NO_#_BALLAST_BILGE_FIRE_GS_PP_REMOTE,2
BallastBilgeFireGSPump#,_BL_AC_#_Y_NO_#_BALLAST_BILGE_FIRE_GS_PP_ABN,2
BallastBilgeFireGSPump#,_BL_PP#_#_Y_NO_#_BALLAST_BILGE_FIRE_GS_PP_SUC_PRESS,2
BallastBilgeFireGSPump#,_BL_PT#_#_Y_NO_#_BALLAST_BILGE_FIRE_GS_PP_DISCH_PRESS,2
BallastBilgeFireGSPump#,RunningState,2
BowThruster,Motor_Current,1
BowThruster,Motor_Running,1
BowThruster,State_PowerAvailable,1
DE#Thing/DE#Thing/DE#Thing,LFOUse,1
DG#Thing/DG#Thing/DG#Thing,busBarFrequency,1
DG#Thing/DG#Thing/DG#Thing,busBarVoltage,1
ElectricPanel.Thing_HMD#,Current_#V_AFT,1
ElectricPanel.Thing_HMD#,Current_#V_Feeder,1
ElectricPanel.Thing_HMD#,Current_#V_FWD,1
ElectricPanel.Thing_HMD#,Current_No#_#V_Feeder,2
ElectricPanel.Thing_HMD#,Current_No#_#V_GSP,2
EP_Battery.Thing,AVG_PACK_SOC,1
EP_Battery.Thing,AvgSOC,1
EP_Battery.Thing,AvgSOH,1
EP_Battery.Thing,BATT_PACK_#_DISCONN,7
EP_Battery.Thing,BATT_PACK_#_FAULT,7
EP_Battery.Thing,BATT_PACK_#_WARN,7
EP_Battery.Thing,BATT_ROOM_TEMP,1
EP_Battery.Thing,_BT_AC_#_Y_HYB_BATTERY_ROOM_EXH_FAN_STOP,1
EP_Battery.Thing,_BT_EL#_Y_EG_BATTERY_CHARGER_ABN,1
EP_Battery.Thing,_BT_PCK_#_Y_NUMBER_OF_PACKS_IN_THE_ARRAY,1
EP_Battery.Thing,_BT_PCK_#_#_Y_PACK_#_NO_CONNECT_COMMAND,7
EP_Battery.Thing,_BT_PCK_#_#_Y_PACK_#_ARRAY_ALARM_RESET,7
EP_Battery.Thing,_BT_PCK_#_#_Y_PACK_#_ACTIVE_CONNECT_COMMAND_S_,7
EP_Battery.Thing,_BT_PCK_#_#_Y_PACK_#_CONNECTING_INHIBITED,7
EP_Battery.Thing,_BT_PCK_#_#_Y_PACK_#_BUS_VOLTAGE_OUT_OF_RANGE,7
EP_Battery.Thing,_BT_PCK_#_#_Y_PACK_#_BUS_SOC_OUT_OF_RANGE,7
EP_Battery.Thing,_BT_PCK_#_#_Y_PACK_#_UNABLE_TO_CONNECT_FOR_DISCHARGE,7
EP_Battery.Thing,_BT_PCK_#_#_Y_PACK_#_UNABLE_TO_CONNECT_FOR_CHARGE,7
EP_Battery.Thing,_BT_PCK_#_#_Y_PACK_#_CONNECTION_TIMED_OUT,7
EP_Battery.Thing,_BT_PCK_#_Y_ARRAY_DISCHARGE_CURR_LIMIT,1
EP_Battery.Thing,_BT_PCK#_#_Y_PACK#_CRIDATA_MAXIMUM_CELL_TEMP,7
EP_Battery.Thing,_BT_PCK#_#_Y_PACK#_CRIDATA_MINIMUM_CELL_TEMP,7
EP_Battery.Thing,_BT_PCK#_#_Y_PACK#_CRIDATA_MAXIMUM_CELL_VOLTAGE,7
EP_Battery.Thing,_BT_PCK#_#_Y_PACK#_CRIDATA_MINIMUM_CELL_VOLTAGE,7
EP_Battery.Thing,_BT_PCK#_#_Y_PACK#_CRIDATA_SERVICE_CODE,7
EP_Battery.Thing,_BT_PCK#_#_#_Y_PACK#_CRIDATA_CELL_BALANCING_STATUS,7
EP_Battery.Thing,_BT_PCK#_#_#_Y_PACK#_CRIDATA_OUT_OF_BALANCE,7
EP_Battery.Thing,_BT_PCK_#_Y_PACK_HEARTBEAT,1
EP_Battery.Thing,_BT_PCK_#_#_Y_ARRAY_SERVICE_STATE,1
EP_Battery.Thing,_BT_PCK_#_Y_NUMBER_OF_PACKS_ON_NETWORK,1
EP_Battery.Thing,_BT_PCK_#_Y_ARRAY_BUS_CURR_UNSCALED,1
EP_Battery.Thing,_BT_PCK_#_Y_ARRAY_CONNECTION_,1
EP_Battery.Thing,_BT_PCK_#_Y_COMMAND_ACKNOWLEDGE_PACK_HEARTBEAT,8
EP_Battery.Thing,_BT_PCK_#_#_Y_ARRAY_ALARM_RESET,1
EP_Battery.Thing,_BT_PCK_#_#_Y_PACK_#_MAINTENANCE_MODE_CONTROL,7
EP_Battery.Thing,_BT_PCK_#_#_Y_PACK_#_MAINTENANCE_SELECT,7
EP_Battery.Thing,_BT_PCK_#_#_Y_PACK_#_CONNECTION_COMMAND_CONNECTION,7
EP_Battery.Thing,_BT_PCK_#_#_Y_PACK_#_CONNECTION_COMMAND_SELECT,7
EP_Battery.Thing,_BT_PCK_#_#_Y_PACK_#_SE_OVER_VOLTAGE_FAULT,7
EP_Battery.Thing,_BT_PCK_#_#_Y_PACK_#_SE_UNDER_VOLTAGE_FAULT,7
EP_Battery.Thing,_BT_PCK_#_#_Y_PACK_#_SE_OVER_TEMP_FAULT,7
EP_Battery.Thing,_BT_PCK_#_#_Y_PACK_#_HVIL_FAULT,7
EP_Battery.Thing,_BT_PCK_#_#_Y_PACK_#_E-STOP_ACTIVE_FAULT,7
EP_Battery.Thing,_BT_PCK_#_#_Y_PACK_#_SAFETY_SHUTDOWN_FAULT,7
EP_Battery.Thing,_BT_PCK_#_#_Y_PACK_#_PACK_GROUND_FAULT,7
EP_Battery.Thing,_BT_PCK_#_#_Y_PACK_#_CONTACTOR_FAIL_FAULT,7
EP_Battery.Thing,_BT_PCK_#_#_Y_PACK_#_LOW_TEMP_OVERCURR_FAULT,7
EP_Battery.Thing,_BT_PCK_#_#_Y_PACK_#_SE_OVER_VOLTAGE_WARNING,7
EP_Battery.Thing,_BT_PCK_#_#_Y_PACK_#_SE_UNDER_VOLTAGE_WARNING,7
EP_Battery.Thing,_BT_PCK_#_#_Y_PACK_#_SE_OVER_TEMP_WARNING,7
EP_Battery.Thing,_BT_PCK_#_#_Y_PACK_#_COMMUNICATION_WARNING,7
EP_Battery.Thing,_BT_PCK_#_#_Y_PACK_#_OVER_CURR_WARNING,7
EP_Battery.Thing,_BT_PCK_#_#_Y_PACK_#_INPUT_POWER_LOSS_WARNING,7
EP_Battery.Thing,_BT_PCK_#_#_Y_PACK_#_PDM_OVER_TEMP_WARNING,7
EP_Battery.Thing,_BT_PCK_#_#_Y_PACK_#_FUSE_FAILURE_WARNING,7
EP_Battery.Thing,_BT_PCK_#_Y_PACK_#_STATUS,7
EP_Battery.Thing,_BT_PCK_#_Y_PACK_#_MAINTENANCE_STATUS,7
EP_Battery.Thing,_BT_PCK_#_Y_ARRAY_CHARGE_CURR_LIMIT,1
EP_Battery.Thing,_BT_PM#_Y_DCC_STOP,1
EP_Battery.Thing,_BT_PM#_Y_DCC_START,1
EP_Battery.Thing,_BT_PM#_Y_DCC_READY_TO_START,1
EP_Battery.Thing,_BT_PM#_Y_DCC_REMOTE_CTRL,1
EP_Battery.Thing,_BT_PM#_Y_DCC_EMCY_STOP_ACTIVATED_,1
EP_Battery.Thing,_BT_PM#_Y_DCC_EMCY_STOP,1
EP_Battery.Thing,_CA_AM#_Y_CTRL_AIR_DRYER_OUTLET_PRESS,1
EP_Battery.Thing,Current,1
EP_Battery.Thing,MAX_CELL_TEMP,1
EP_Battery.Thing,MAX_CELL_VOL,1
EP_Battery.Thing,MAX_PACK_SOC,1
EP_Battery.Thing,MAX_UNCONN_PACK_VOL,1
EP_Battery.Thing,MIN_CELL_TEMP,1
EP_Battery.Thing,MIN_CELL_VOL,1
EP_Battery.Thing,MIN_PACK_SOC,1
EP_Battery.Thing,MIN_UNCONN_PACK_VOL,1
EP_Battery.Thing,NUMBER_OF_PACKS_CONN,1
EP_Battery.Thing,NUMBER_OF_PACKS_FAULTED,1
EP_Battery.Thing,PACK#_CRIDATA_AVG_CELL_TEMP,7
EP_Battery.Thing,PACK#_CRIDATA_AVG_CELL_VOL,7
EP_Battery.Thing,PACK#_CRIDATA_BATT_VOL,7
EP_Battery.Thing,PACK#_CRIDATA_BUS_VOL,7
EP_Battery.Thing,PACK#_CRIDATA_CHARGE_CURR_LIMIT,7
EP_Battery.Thing,PACK#_CRIDATA_CURR,7
EP_Battery.Thing,PACK#_CRIDATA_DISCHARGE_CURR_LIMIT,7
EP_Battery.Thing,PACK#_CRIDATA_SOC,7
EP_Battery.Thing,PACK#_CRIDATA_SOH,7
EP_Battery.Thing,PACK_#_STATUS,7
EP_Battery.Thing,RunningState,1
EP_Battery.Thing,Voltage,1
EP_BowThruster.Thing,BOW_TH_FREQ_CONV_PCS_SPEED,1
EP_BowThruster.Thing,BOW_TH_FREQ_CONV_SPEED,1
EP_BowThruster.Thing,BOW_TH_GENERAL_ALM,1
EP_BowThruster.Thing,BOW_TH_MOTOR_DE_BEARING_TEMP,1
EP_BowThruster.Thing,BOW_TH_MOTOR_NDE_BEARING_TEMP,1
EP_BowThruster.Thing,BOW_TH_MOTOR_WINDING_U_TEMP,1
EP_BowThruster.Thing,BOW_TH_MOTOR_WINDING_V_TEMP,1
EP_BowThruster.Thing,BOW_TH_MOTOR_WINDING_W_TEMP,1
EP_BowThruster.Thing,BOW_THR_BRIDGE_FORE_SPEED_SP,1
EP_BowThruster.Thing,BOW_THR_FC_ALARM_STATUS_EMCY_STOP,1
EP_BowThruster.Thing,BOW_THR_FC_ALARM_STATUS_FAULT,1
EP_BowThruster.Thing,BOW_THR_FC_ALARM_STATUS_SHUTDOWN,1
EP_BowThruster.Thing,BOW_THR_FC_ALARM_STATUS_WARN,1
EP_BowThruster.Thing,BOW_THR_FREQ_CONV_POWER_AV,1
EP_BowThruster.Thing,BOW_THR_FREQ_CONV_STATUS_CONN_RUN,1
EP_BowThruster.Thing,BOW_THR_FREQ_CONV_STATUS_STOP_DISCONNECT_CMD_ON,1
EP_BowThruster.Thing,BOW_THR_PCS_COMMON_FAULT,1
EP_BowThruster.Thing,_EP_BOW_#_#_Y_BOW_THR_FREQ_CONV_STATUS-LOCAL_CTRL,1
EP_BowThruster.Thing,_EP_BOW_#_#_Y_BOW_THR_FREQ_CONV_STATUS-START_CONNECT_CMD_ON,1
EP_BowThruster.Thing,_EP_BOW_#_#_Y_BOW_THR_TAKEOVER-EXT_CTRL-HINAS_CTRL_REQUEST,1
EP_BowThruster.Thing,_EP_BOW_#_#_Y_BOW_THR_TAKEOVER-EXT_CTRL-HIBAS_CTRL_REQUEST,1
EP_BowThruster.Thing,_EP_BOW_#_#_Y_BOW_THR_TAKEOVER-BRIDGE_FORE_CTRL_REQUEST,1
EP_BowThruster.Thing,_EP_BOW_#_#_Y_BOW_THR_TAKEOVER-WING_PS_CTRL_REQUEST,2
EP_BowThruster.Thing,_EP_BOW_#_#_Y_BOW_THR_TAKEOVER-TCU_CTRL_REQUEST,1
EP_BowThruster.Thing,_EP_BOW_#_#_Y_BOW_THR_PCS_ALARM_RESET_INDICATION,1
EP_BowThruster.Thing,_EP_BOW_#_#_Y_BOW_THR_FC_ALARM_RESET_INDICATION,1
EP_BowThruster.Thing,_EP_BOW_#_#_Y_BOW_THR_FC_START_ALLOWANCE,1
EP_BowThruster.Thing,_EP_BOW_#_Y_BOW_THR_WATCHDOG,2
EP_BowThruster.Thing,_EP_BOW_#_#_Y_BOW_THR_FC_ALARM_STATUS-LOCKOUT,1
EP_BowThruster.Thing,_EP_BOW_#_#_Y_BOW_THR_FC_ALARM_STATUS-LOAD_REDUCTION,1
EP_BowThruster.Thing,_EP_BOW_#_#_Y_BOW_THR_FC_ALARM_STATUS-NFU_MODE_ACTIVE,1
EP_BowThruster.Thing,_EP_BOW_#_#_Y_BOW_THR_PCS_FAILURE,1
EP_BowThruster.Thing,_EP_BOW_#_#_Y_BOW_THR_RCS_WARNING,1
EP_BowThruster.Thing,_EP_BOW_#_#_Y_BOW_THR_RCS_FAILURE,1
EP_BowThruster.Thing,_EP_BOW_#_#_Y_BOW_THR_PCS-FC_EMERGENCY_STOP_CMD_ACTIVE,1
EP_BowThruster.Thing,_EP_BOW_#_#_Y_BOW_THR_TCU_LOCAL_EMERGENCY_STOP_WB,1
EP_BowThruster.Thing,_EP_BOW_#_#_Y_BOW_THR_BRIDGE_FORE_EMERGENCY_STOP_ACTIVE,1
EP_BowThruster.Thing,_EP_BOW_#_#_Y_BOW_THR_BRIDGE_WING_PS_EMERGENCY_STOP_ACTIVE,1
EP_BowThruster.Thing,_EP_BOW_#_#_Y_BOW_THR_BRIDGE_WING_SB_EMERGENCY_STOP_ACTIVE,1
EP_BowThruster.Thing,_EP_BOW_#_#_Y_BOW_THR_TCU_LOCAL_EMERGENCY_STOP_ACTIVE,1
EP_BowThruster.Thing,_EP_BOW_#_#_Y_BOW_THR_BRIDGE_FORE_EMERGENCY_STOP_WB,1
EP_BowThruster.Thing,_EP_BOW_#_#_Y_BOW_THR_BRIDGE_WING_PS_EMERGENCY_STOP_WB,1
EP_BowThruster.Thing,_EP_BOW_#_#_Y_BOW_THR_BRIDGE_WING_SB_EMERGENCY_STOP_WB,1
EP_BowThruster.Thing,_EP_BOW_#_Y_BOW_THR_EXT_CTRL-HINAS_SPEED_SP,1
EP_BowThruster.Thing,_EP_BOW_#_Y_BOW_THR_EXT_CTRL-HIBAS_SPEED_SP,1
EP_BowThruster.Thing,_EP_BOW_#_Y_BOW_THR_WING_PS_SPEED_SP,1
EP_BowThruster.Thing,_EP_BOW_#_Y_BOW_THR_WING_SB_SPEED_SP,1
EP_BowThruster.Thing,_EP_BOW_#_Y_BOW_THR_TCU_SPEED_SP,1
EP_BowThruster.Thing,_EP_BOW_#_Y_BOW_THR_PCS-FC_SPEED_SP_AO_,1
EP_BowThruster.Thing,_EP_DC#_#_#_Y_INV#_THRUSTER_REMOTE,1
EP_BowThruster.Thing,_EP_DC#_#_#_Y_INV#_THRUSTER_SPACE_HEATERS_CONNECTED,1
EP_BowThruster.Thing,_EP_DC#_#_#_Y_INV#_THRUSTER_READY_FOR_USE,1
EP_BowThruster.Thing,_EP_DC#_#_#_Y_INV#_THRUSTER_SLOWDOWN,1
EP_BowThruster.Thing,_EP_DC#_#_#_Y_INV#_THRUSTER_POWER_LIMITATION_ACTIVE,1
EP_BowThruster.Thing,_EP_DC#_#_#_Y_INV#_THRUSTER_SLOWDOWN_TO_#,2
EP_BowThruster.Thing,_EP_DC#_#_#_Y_INV#_THRUSTER_OVERTEMP_ALARM,1
EP_BowThruster.Thing,_EP_DC#_#_#_Y_INV#_THRUSTER_AMBIENT_OVERTEMP_ALARM,1
EP_BowThruster.Thing,_EP_DC#_#_#_Y_INV#_THRUSTER_DC_BUS_OVERVOLTAGE_TRIP,1
EP_BowThruster.Thing,_EP_DC#_#_#_Y_INV#_THRUSTER_OVERTEMP_TRIP,1
EP_BowThruster.Thing,_EP_DC#_#_#_Y_INV#_THRUSTER_OVERSPEED_TRIP,1
EP_BowThruster.Thing,_EP_DC#_#_#_Y_INV#_THRUSTER_OVERCURR_TRIP,1
EP_BowThruster.Thing,_EP_DC#_#_#_Y_INV#_THRUSTER_RESET_ALARMS_AND_TRIPS,1
EP_BowThruster.Thing,_EP_DC#_#_#_Y_INV#_THRUSTER_RESET_HOUR_METER,1
EP_BowThruster.Thing,_EP_DC#_#_#_Y_INV#_THRUSTER_SLOWDOWN_REQUEST_TO_#,1
EP_BowThruster.Thing,_EP_DC#_#_#_Y_INV#_THRUSTER_SHUTDOWN,1
EP_BowThruster.Thing,_EP_PC#_Y_NO_#_INV_THR_EXT_EMCY_STOP,1
EP_BowThruster.Thing,_EP_PC#_ECDIS_Y_BOW_TH_FREQ_CONV_SPEED,1
EP_BowThruster.Thing,_EP_PC#_Y_NO_#_INV_THR_EMCY_STOP_ACTIVATED_,1
EP_BowThruster.Thing,_EP_TH#_#_Y_NO_#_INV_THR_RUN,1
EP_BowThruster.Thing,INV#_THRUSTER_ALARM,1
EP_BowThruster.Thing,INV#_THRUSTER_OUT_CURR,1
EP_BowThruster.Thing,INV#_THRUSTER_POWER,1
EP_BowThruster.Thing,INV#_THRUSTER_PULSES_ON,1
EP_BowThruster.Thing,INV#_THRUSTER_SPEED,1
EP_BowThruster.Thing,INV#_THRUSTER_TRIP,1
EP_BowThruster.Thing,MotorPower,1
EP_BowThruster.Thing,MotorReady,1
EP_BowThruster.Thing,MotorRun,1
EP_BowThruster.Thing,Runhour,1
EP_Propulsion#.Thing,_EP_DC#_#_#_Y_INV#_MAIN_PROPULSION_#_MOTOR_FAN_RUNNING,2
EP_Propulsion#.Thing,_EP_DC#_#_#_Y_INV#_MAIN_PROPULSION_#_REMOTE,2
EP_Propulsion#.Thing,_EP_DC#_#_#_Y_INV#_MAIN_PROPULSION_#_SPACE_HEATERS_CONNECTED,2
EP_Propulsion#.Thing,_EP_DC#_#_#_Y_INV#_MAIN_PROPULSION_#_READY_FOR_USE,2
EP_Propulsion#.Thing,_EP_DC#_#_#_Y_INV#_MAIN_PROPULSION_#_SLOWDOWN_TO_#,4
EP_Propulsion#.Thing,_EP_DC#_#_#_Y_INV#_MAIN_PROPULSION_#_MT_FAN_CONNECTION_ERROR,2
EP_Propulsion#.Thing,_EP_DC#_#_#_Y_INV#_MAIN_PROPULSION_#_READY_FOR_RUN,1
EP_Propulsion#.Thing,_EP_DC#_#_#_Y_INV#_MAIN_PROPULSION_#_SLOWDOWN,2
EP_Propulsion#.Thing,_EP_DC#_#_#_Y_INV#_MAIN_PROPULSION_#_POWER_LIMITATION_ACTIVE,2
EP_Propulsion#.Thing,_EP_DC#_#_#_Y_INV#_MAIN_PROPULSION_#_OVERTEMP_ALARM,2
EP_Propulsion#.Thing,_EP_DC#_#_#_Y_INV#_MAIN_PROPULSION_#_AMBIENT_OVERTEMP_ALARM,2
EP_Propulsion#.Thing,_EP_DC#_#_#_Y_INV#_MAIN_PROPULSION_#_DC_BUS_OVERVOLTAGE_TRIP,2
EP_Propulsion#.Thing,_EP_DC#_#_#_Y_INV#_MAIN_PROPULSION_#_OVERSPEED_TRIP,2
EP_Propulsion#.Thing,_EP_DC#_#_#_Y_INV#_MAIN_PROPULSION_#_OVERTEMP_TRIP,2
EP_Propulsion#.Thing,_EP_DC#_#_#_Y_INV#_MAIN_PROPULSION_#_OVERCURR_TRIP,2
EP_Propulsion#.Thing,_EP_DC#_#_#_Y_INV#_MAIN_PROPULSION_#_RESET_HR_METER,2
EP_Propulsion#.Thing,_EP_DC#_#_#_Y_INV#_MAIN_PROPULSION_#_RESET_ALARMS_AND_TRIPS,2
EP_Propulsion#.Thing,_EP_DC#_#_#_Y_INV#_MAIN_PROPULSION_#_SLOWDOWN_REQUEST_TO_#,3
EP_Propulsion#.Thing,_EP_DC#_#_#_Y_INV#_MAIN_PROPULSION_#_SHUTDOWN,2
EP_Propulsion#.Thing,_EP_P#_#_#_Y_SB_PROP_FREQ_CONV_STATUS-READY_FOR_START,1
EP_Propulsion#.Thing,_EP_P#_#_#_Y_SB_PROP_FREQ_CONV_STATUS-LOCAL_CTRL,1
EP_Propulsion#.Thing,_EP_P#_#_#_Y_SB_PROP_FREQ_CONV_STATUS-POWER_MODE_CMD_ON,1
EP_Propulsion#.Thing,_EP_P#_#_#_Y_SB_PROP_FREQ_CONV_STATUS-START_CONNECT_CMD_ON,1
EP_Propulsion#.Thing,_EP_P#_#_#_Y_SB_PROP_TAKEOVER-EXT_CTRL-HINAS_CTRL_REQUEST,1
EP_Propulsion#.Thing,_EP_P#_#_#_Y_SB_PROP_TAKEOVER-EXT_CTRL-HIBAS_CTRL_REQUEST,1
EP_Propulsion#.Thing,_EP_P#_#_#_Y_SB_PROP_TAKEOVER-BRIDGE_FORE_CTRL_REQUEST,1
EP_Propulsion#.Thing,_EP_P#_#_#_Y_SB_PROP_TAKEOVER-ECR_CTRL_REQUEST,1
EP_Propulsion#.Thing,_EP_P#_#_#_Y_SB_PROP_TAKEOVER-WING_PS_CTRL_REQUEST,2
EP_Propulsion#.Thing,_EP_P#_#_#_Y_SB_PROP_TAKEOVER-TCU_CTRL_REQUEST,1
EP_Propulsion#.Thing,_EP_P#_#_#_Y_SB_PROP_PCS_ALARM_RESET_INDICATION,1
EP_Propulsion#.Thing,_EP_P#_#_#_Y_SB_PROP_CRASH_STOP_MODE_ACTIVE,1
EP_Propulsion#.Thing,_EP_P#_#_#_Y_SB_PROP_FC_ALARM_RESET_INDICATION,1
EP_Propulsion#.Thing,_EP_P#_#_#_Y_SB_PROP_FC_START_ALLOWANCE,1
EP_Propulsion#.Thing,_EP_P#_#_#_Y_SB_PROP_NORMAL_SEAGOING_ACTIVE,1
EP_Propulsion#.Thing,_EP_P#_#_#_Y_SB_PROP_NORMAL_SEAGOING_ACTIVE_REQUEST,1
EP_Propulsion#.Thing,_EP_P#_#_Y_SB_PROP_WATCHDOG,2
EP_Propulsion#.Thing,_EP_P#_#_#_Y_SB_PROP_FC_ALARM_STATUS-LOCKOUT,1
EP_Propulsion#.Thing,_EP_P#_#_#_Y_SB_PROP_FC_ALARM_STATUS-LOAD_REDUCTION,1
EP_Propulsion#.Thing,_EP_P#_#_#_Y_SB_PROP_FC_ALARM_STATUS-NFU_MODE_ACTIVE,1
EP_Propulsion#.Thing,_EP_P#_#_#_Y_SB_PROP_PCS_FAILURE,1
EP_Propulsion#.Thing,_EP_P#_#_#_Y_SB_PROP_RCS_WARNING,1
EP_Propulsion#.Thing,_EP_P#_#_#_Y_SB_PROP_RCS_FAILURE,1
EP_Propulsion#.Thing,_EP_P#_#_#_Y_SB_PROP_PCS-FC_EMERGENCY_STOP_CMD_ACTIVE,1
EP_Propulsion#.Thing,_EP_P#_#_#_Y_SB_PROP_TCU_LOCAL_EMERGENCY_STOP_WB,1
EP_Propulsion#.Thing,_EP_P#_#_#_Y_SB_PROP_BRIDGE_FORE_EMERGENCY_STOP_ACTIVE,1
EP_Propulsion#.Thing,_EP_P#_#_#_Y_SB_PROP_BRIDGE_WING_PS_EMERGENCY_STOP_ACTIVE,1
EP_Propulsion#.Thing,_EP_P#_#_#_Y_SB_PROP_BRIDGE_WING_SB_EMERGENCY_STOP_ACTIVE,1
EP_Propulsion#.Thing,_EP_P#_#_#_Y_SB_PROP_ECR_EMERGENCY_STOP_ACTIVE,1
EP_Propulsion#.Thing,_EP_P#_#_#_Y_SB_PROP_TCU_LOCAL_EMERGENCY_STOP_ACTIVE,1
EP_Propulsion#.Thing,_EP_P#_#_#_Y_SB_PROP_BRIDGE_FORE_EMERGENCY_STOP_WB,1
EP_Propulsion#.Thing,_EP_P#_#_#_Y_SB_PROP_BRIDGE_WING_PS_EMERGENCY_STOP_WB,1
EP_Propulsion#.Thing,_EP_P#_#_#_Y_SB_PROP_BRIDGE_WING_SB_EMERGENCY_STOP_WB,1
EP_Propulsion#.Thing,_EP_P#_#_#_Y_SB_PROP_ECR_EMERGENCY_STOP_WB,1
EP_Propulsion#.Thing,_EP_P#_#_Y_SB_PROP_EXT_CTRL-HINAS_SPEED_SP,1
EP_Propulsion#.Thing,_EP_P#_#_Y_SB_PROP_WING_PS_SPEED_SP,1
EP_Propulsion#.Thing,_EP_P#_#_Y_SB_PROP_WING_SB_SPEED_SP,1
EP_Propulsion#.Thing,_EP_P#_#_Y_SB_PROP_ECR_SPEED_SP,1
EP_Propulsion#.Thing,_EP_P#_#_Y_SB_PROP_TCU_SPEED_SP,1
EP_Propulsion#.Thing,_EP_P#_#_#_Y_SB_PROP_SEA_GOING_MODE_ACTIVE,1
EP_Propulsion#.Thing,_EP_PC#_Y_NO_#_INV_MAIN_PROP_EXT_EMCY_STOP,2
EP_Propulsion#.Thing,_EP_PC#_ECDIS_Y_NO_#_PROP_FREQ_CONV_SPEED,2
EP_Propulsion#.Thing,_EP_PC#_Y_NO_#_INV_MP_EMCY_STOP_ACTIVATED_,2
EP_Propulsion#.Thing,INV#_MAIN_PROP_#_ALARM,2
EP_Propulsion#.Thing,INV#_MAIN_PROP_#_PULSES_ON,2
EP_Propulsion#.Thing,INV#_MAIN_PROP_#_SPEED,2
EP_Propulsion#.Thing,INV#_MAIN_PROP_#_TRIP,2
EP_Propulsion#.Thing,MotorCurrent,2
EP_Propulsion#.Thing,MotorPower,2
EP_Propulsion#.Thing,MotorReady,2
EP_Propulsion#.Thing,MotorRPM,2
EP_Propulsion#.Thing,MotorRun,2
EP_Propulsion#.Thing,NO#_PROP_CONN___RUN,2
EP_Propulsion#.Thing,NO#_PROP_FAULT,2
EP_Propulsion#.Thing,NO#_PROP_FREQ_CONV_PCS_SPEED,2
EP_Propulsion#.Thing,NO#_PROP_FREQ_CONV_PWR,2
EP_Propulsion#.Thing,NO#_PROP_MOTOR_DE_BEARING_TEMP,2
EP_Propulsion#.Thing,NO#_PROP_MOTOR_NDE_BEARING_TEMP,2
EP_Propulsion#.Thing,NO#_PROP_MOTOR_WINDING_R_TEMP,2
EP_Propulsion#.Thing,NO#_PROP_MOTOR_WINDING_S_TEMP,2
EP_Propulsion#.Thing,NO#_PROP_MOTOR_WINDING_T_TEMP,2
EP_Propulsion#.Thing,NO#_PROP_SYS_GENERAL_ALM,2
EP_Propulsion#.Thing,NO#_PROP_ZERO_EMMISION_MODE_ACTIVE,2
EP_Propulsion#.Thing,_PM_PC#_Y_BOOSTING_MODE_ACTIVE,2
EP_Propulsion#.Thing,_PM_PC#_Y_BOOSTING_MODE_ACTIVE_REQUEST,2
EP_Propulsion#.Thing,_PM_PC#_Y_NO_#_PROP_ZERO_EMMISION_MODE_ACTIVE_REQUEST,2
EP_Propulsion#.Thing,_PM_PC#_Y_NO_#_PROP_GEAR_BOX_FAILURE_,1
EP_Propulsion#.Thing,_PM_PC#_Y_PWR_STACK_BT_READY_TO_START,1
EP_Propulsion#.Thing,_PM_PC#_Y_PWR_STACK_BT_CONNECTED_RUN_,1
EP_Propulsion#.Thing,Runhour,2
EP_Propulsion#.Thing,SB_PROP_BOOSTING_MODE_ACCTIVE,1
EP_Propulsion#.Thing,SB_PROP_BRIDGE_FORE_SPEED_SP,1
EP_Propulsion#.Thing,SB_PROP_FC_ALARM_STATUS_EMCY_STOP,1
EP_Propulsion#.Thing,SB_PROP_FC_ALARM_STATUS_FAULT,1
EP_Propulsion#.Thing,SB_PROP_FC_ALARM_STATUS_SHUTDOWN,1
EP_Propulsion#.Thing,SB_PROP_FC_ALARM_STATUS_WARN,1
EP_Propulsion#.Thing,SB_PROP_FREQ_CONV_POWER_AV,1
EP_Propulsion#.Thing,SB_PROP_FREQ_CONV_SPEED_AV,1
EP_Propulsion#.Thing,SB_PROP_FREQ_CONV_STATUS_CONN_RUN,1
EP_Propulsion#.Thing,SB_PROP_FREQ_CONV_STATUS_STOP_DISCONNECT_CMD_ON,1
EP_Propulsion#.Thing,SB_PROP_PCS_COMMON_FAULT,1
EP_Propulsion#.Thing,SB_PROP_PCS_FC_POWER_SP,1
EP_Propulsion#.Thing,SB_PROP_PCS_FC_SPEED_SP,1
EP_Propulsion#.Thing,_EP_DC#_#_#_Y_INV#_MAIN_PROPULSION_#SLOWDOWN_REQUEST_TO_#,1
EP_Propulsion#.Thing,_EP_P#_#_#_Y_PS_PROP_FREQ_CONV_STATUS-READY_FOR_START,1
EP_Propulsion#.Thing,_EP_P#_#_#_Y_PS_PROP_FREQ_CONV_STATUS-LOCAL_CTRL,1
EP_Propulsion#.Thing,_EP_P#_#_#_Y_PS_PROP_FREQ_CONV_STATUS-POWER_MODE_CMD_ON,1
EP_Propulsion#.Thing,_EP_P#_#_#_Y_PS_PROP_FREQ_CONV_STATUS-START_CONNECT_CMD_ON,1
EP_Propulsion#.Thing,_EP_P#_#_#_Y_PS_PROP_TAKEOVER-EXT_CTRL-HINAS_CTRL_REQUEST,1
EP_Propulsion#.Thing,_EP_P#_#_#_Y_PS_PROP_TAKEOVER-EXT_CTRL-HIBAS_CTRL_REQUEST,1
EP_Propulsion#.Thing,_EP_P#_#_#_Y_PS_PROP_TAKEOVER-BRIDGE_FORE_CTRL_REQUEST,1
EP_Propulsion#.Thing,_EP_P#_#_#_Y_PS_PROP_TAKEOVER-ECR_CTRL_REQUEST,1
EP_Propulsion#.Thing,_EP_P#_#_#_Y_PS_PROP_TAKEOVER-WING_PS_CTRL_REQUEST,2
EP_Propulsion#.Thing,_EP_P#_#_#_Y_PS_PROP_TAKEOVER-TCU_CTRL_REQUEST,1
EP_Propulsion#.Thing,_EP_P#_#_#_Y_PS_PROP_PCS_ALARM_RESET_INDICATION,1
EP_Propulsion#.Thing,_EP_P#_#_#_Y_PS_PROP_CRASH_STOP_MODE_ACTIVE,1
EP_Propulsion#.Thing,_EP_P#_#_#_Y_PS_PROP_FC_ALARM_RESET_INDICATION,1
EP_Propulsion#.Thing,_EP_P#_#_#_Y_PS_PROP_FC_START_ALLOWANCE,1
EP_Propulsion#.Thing,_EP_P#_#_#_Y_PS_PROP_NORMAL_SEAGOING_ACTIVE,1
EP_Propulsion#.Thing,_EP_P#_#_#_Y_PS_PROP_NORMAL_SEAGOING_ACTIVE_REQUEST,1
EP_Propulsion#.Thing,_EP_P#_#_Y_PS_PROP_WATCHDOG,2
EP_Propulsion#.Thing,_EP_P#_#_#_Y_PS_PROP_FC_ALARM_STATUS-LOCKOUT,1
EP_Propulsion#.Thing,_EP_P#_#_#_Y_PS_PROP_FC_ALARM_STATUS-LOAD_REDUCTION,1
EP_Propulsion#.Thing,_EP_P#_#_#_Y_PS_PROP_FC_ALARM_STATUS-NFU_MODE_ACTIVE,1
EP_Propulsion#.Thing,_EP_P#_#_#_Y_PS_PROP_PCS_FAILURE,1
EP_Propulsion#.Thing,_EP_P#_#_#_Y_PS_PROP_RCS_WARNING,1
EP_Propulsion#.Thing,_EP_P#_#_#_Y_PS_PROP_RCS_FAILURE,1
EP_Propulsion#.Thing,_EP_P#_#_#_Y_PS_PROP_PCS-FC_EMERGENCY_STOP_CMD_ACTIVE,1
EP_Propulsion#.Thing,_EP_P#_#_#_Y_PS_PROP_TCU_LOCAL_EMERGENCY_STOP_WB,1
EP_Propulsion#.Thing,_EP_P#_#_#_Y_PS_PROP_BRIDGE_FORE_EMERGENCY_STOP_ACTIVE,1
EP_Propulsion#.Thing,_EP_P#_#_#_Y_PS_PROP_BRIDGE_WING_PS_EMERGENCY_STOP_ACTIVE,1
EP_Propulsion#.Thing,_EP_P#_#_#_Y_PS_PROP_BRIDGE_WING_SB_EMERGENCY_STOP_ACTIVE,1
EP_Propulsion#.Thing,_EP_P#_#_#_Y_PS_PROP_ECR_EMERGENCY_STOP_ACTIVE,1
EP_Propulsion#.Thing,_EP_P#_#_#_Y_PS_PROP_TCU_LOCAL_EMERGENCY_STOP_ACTIVE,1
EP_Propulsion#.Thing,_EP_P#_#_#_Y_PS_PROP_BRIDGE_FORE_EMERGENCY_STOP_WB,1
EP_Propulsion#.Thing,_EP_P#_#_#_Y_PS_PROP_BRIDGE_WING_PS_EMERGENCY_STOP_WB,1
EP_Propulsion#.Thing,_EP_P#_#_#_Y_PS_PROP_BRIDGE_WING_SB_EMERGENCY_STOP_WB,1
EP_Propulsion#.Thing,_EP_P#_#_#_Y_PS_PROP_ECR_EMERGENCY_STOP_WB,1
EP_Propulsion#.Thing,_EP_P#_#_Y_PS_PROP_EXT_CTRL-HINAS_SPEED_SP,1
EP_Propulsion#.Thing,_EP_P#_#_Y_PS_PROP_WING_PS_SPEED_SP,1
EP_Propulsion#.Thing,_EP_P#_#_Y_PS_PROP_WING_SB_SPEED_SP,1
EP_Propulsion#.Thing,_EP_P#_#_Y_PS_PROP_ECR_SPEED_SP,1
EP_Propulsion#.Thing,_EP_P#_#_Y_PS_PROP_TCU_SPEED_SP,1
EP_Propulsion#.Thing,_EP_P#_#_#_Y_PS_PROP_SEA_GOING_MODE_ACTIVE,1
EP_Propulsion#.Thing,PS_PROP_BOOSTING_MODE_ACCTIVE,1
EP_Propulsion#.Thing,PS_PROP_BRIDGE_FORE_SPEED_SP,1
EP_Propulsion#.Thing,PS_PROP_FC_ALARM_STATUS_EMCY_STOP,1
EP_Propulsion#.Thing,PS_PROP_FC_ALARM_STATUS_FAULT,1
EP_Propulsion#.Thing,PS_PROP_FC_ALARM_STATUS_SHUTDOWN,1
EP_Propulsion#.Thing,PS_PROP_FC_ALARM_STATUS_WARN,1
EP_Propulsion#.Thing,PS_PROP_FREQ_CONV_POWER_AV,1
EP_Propulsion#.Thing,PS_PROP_FREQ_CONV_SPEED_AV,1
EP_Propulsion#.Thing,PS_PROP_FREQ_CONV_STATUS_CONN_RUN,1
EP_Propulsion#.Thing,PS_PROP_FREQ_CONV_STATUS_STOP_DISCONNECT_CMD_ON,1
EP_Propulsion#.Thing,PS_PROP_PCS_COMMON_FAULT,1
EP_Propulsion#.Thing,PS_PROP_PCS_FC_POWER_SP,1
EP_Propulsion#.Thing,PS_PROP_PCS_FC_SPEED_SP,1
ERVentFan#,RunningState_FWD,2
ERVentFan#,RunningState_REV,2
ERVentFan#,_VT_AC_#_Y_NO_#_ER_VENT_FAN_START_FWD,2
ERVentFan#,_VT_AC_#_Y_NO_#_ER_VENT_FAN_START_REV,2
ERVentFan#,_VT_AC_#_Y_NO_#_ER_VENT_FAN_STOP,2
ERVentFan#,_VT_AC_#_Y_NO_#_ER_VENT_FAN_REMOTE,2
ERVentFan#,_VT_AC_#_Y_NO_#_ER_VENT_FAN_ABN,2
ESDThing,BUNKERING_MODE,1
ESDThing,_ES_AI#_CH#_Y_RACK#_SLOT#_AI_#_ANALOG_INPUT_CH#,56
ESDThing,_ES_ESD_#_CA_Y_ESD_PB_NEAR_OF_TK#_LNG_STOR_SPACE_CAUSE_ACT,2
ESDThing,_ES_ESD_#_CA_Y_ESD_PB_LNG_BUNKER_STATION_AIRLOCK_CAUSE_ACT,1
ESDThing,_ES_ESD_#_CA_Y_ESD_PB_NEAR_OF_DOOR_IN_LNG_STRSPACE_CAUSE_ACT,1
ESDThing,_ES_ESD_#_CA_Y_ESD_PB_ECC_CAUSE_ACT,1
ESDThing,_ES_ESD_#_CA_Y_ESD_PB_BCC_CAUSE_ACT,1
ESDThing,_ES_ESD_#_CA_Y_ESD_PB_ER_ENTERANCE_CAUSE_ACT,1
ESDThing,_ES_ESD_#_CA_Y_ESD_PB_SHIPS_OFFICE_CAUSE_ACT,1
ESDThing,_ES_ESD_#_CA_Y_ESD_PB_CO#_ROOM_CAUSE_ACT,1
ESDThing,_ES_ESD_#_CA_Y_FUSIBLE_PLUG_NO_#_TANK_CAUSE_ACT,2
ESDThing,_ES_ESD_#_CA_Y_FUSIBLE_PLUG_BUNKER_STATION_CAUSE_ACT,1
ESDThing,_ES_ESD_#_CA_Y_FUSIBLE_PLUG_LNG_STORAGE_SPACE_CAUSE_ACT,1
ESDThing,_ES_ESD_#_CA_Y_ER_FIRE_DETECTION_CAUSE_ACT,1
ESDThing,_ES_ESD_#_CA_Y_LNG_STORAGE_SPACE_FIRE_DETECTION_CAUSE_ACT,1
ESDThing,_ES_ESD_#_Y_WATCH_DOG_FROM_IAS,1
ESDThing,_ES_ESD_#_Y_WATCH_DOG_TO_IAS,1
ESDThing,_ES_ESD_#_#_Y_COMMON_ALARM_TO_IAS,1
ESDThing,_ES_ESD_#_#_Y_ESDS_PLC_RING_ETHERNET_HEALTH_STATUS,1
ESDThing,_ES_ESD_#_#_Y_CHANGE_OVER_ALARM_PRIMARY_PLC_TO_SECONDRY_PLC,1
ESDThing,_ES_ESD_#_#_Y_CHANGE_OVER_ALARM_SECONDRY_PLC_TO_PRIMARY_PLC,1
ESDThing,_ES_ESD_#_#_Y_CPU_BACKPLANE_HEALTH_STATUS,1
ESDThing,_ES_ESD_#_#_Y_PLC_CPU_CHANGE_OVER_ALARM_PULSE,1
ESDThing,_ES_ESD_#_#_Y_PRIMARY_PLC_FAILURE,1
ESDThing,_ES_ESD_#_#_Y_SECONDRY_PLC_FAILURE,1
ESDThing,_ES_ESD_#_#_Y_RACK#_SLOT#_DI#_MODULE_HEALTH_STATUS,2
ESDThing,_ES_ESD_#_#_Y_RACK#_SLOT#_DO#_MODULE_HEALTH_STATUS,4
ESDThing,_ES_ESD_#_#_Y_RACK#_SLOT#_AI#_MODULE_HEALTH_STATUS,13
ESDThing,_ES_ESD_#_#_Y_RACK#_SLOT#_RTD#_MODULE_HEALTH_STATUS,1
ESDThing,_ES_ESD_#_#_Y_RACK#_SLOT#_COM#_MODULE_HEALTH_STATUS,2
ESDThing,_ES_ESD_B#_CA_Y_SHIPS_BLK_OUT_CAUSE_ACT,1
ESDThing,_ES_ESD_D#HH_CA_Y_DW_PRESS_HH_BS-TK_VAPOR_CAUSE_ACT,1
ESDThing,_ES_ESD_D#LL_CA_Y_DW_PRESS_LL_BKST-TK_VAPOR_CAUSE_ACT,1
ESDThing,_ES_ESD_D#_Y_DW_PRESS_BS-TK_VAPOR_,1
ESDThing,_ES_ESD_D#HH_CA_Y_DW_PRESS_HH_BS-TK_LIQUID_CAUSE_ACT,1
ESDThing,_ES_ESD_D#LL_CA_Y_DW_PRESS_LL_BS-TK_LIQUID_CAUSE_ACT,1
ESDThing,_ES_ESD_D#_Y_DW_PRESS_BS-TK_LIQUID_,1
ESDThing,_ES_ESD_D#HH_CA_Y_DW_PRESS_HH_TK#_LNG_SUPPLY_CAUSE_ACT,2
ESDThing,_ES_ESD_D#LL_CA_Y_DW_PRESS_LL_TK#_LNG_SUPPLY_CAUSE_ACT,2
ESDThing,_ES_ESD_D#_Y_DW_PRESS_TK#_LNG_SUPPLY_,2
ESDThing,_ES_ESD_F#_CA_Y_NO_#_EXT_FAN_FOR_GE_DW_PIPE_NOT_RUN_CAUSE_ACT,2
ESDThing,_ES_ESD_F#_CHAL_Y_NO_#_EXT_FAN_FOR_GE_DW_PIPE_NOT_RUN_CH_HEALTH_AL,2
ESDThing,_ES_ESD_F#_INHI_Y_NO_#_EXT_FAN_FOR_GE_DW_PIPE_NOT_RUN_INHIBIT_ACT,2
ESDThing,_ES_ESD_F#_INHO_Y_NO_#_EXT_FAN_FOR_GE_DW_PIPE_NOT_RUN_INHIBIT,2
ESDThing,_ES_ESD_F#_OAL_Y_NO_#_EXT_FAN_FOR_GE_DW_PIPE_NOT_RUN_CH_OPEN_AL,2
ESDThing,_ES_ESD_F#_RST_Y_NO_#_EXT_FAN_FOR_GE_DW_PIPE_NOT_RUN_RESET,2
ESDThing,_ES_ESD_F#_SAL_Y_NO_#_EXT_FAN_FOR_GE_DW_PIPE_NOT_RUN_CH_SHORT_AL,2
ESDThing,_ES_ESD_F#_CA_Y_LNG_STOR_SPACE_EXH_FAN_NOT_RUN_CAUSE_ACT,1
ESDThing,_ES_ESD_F#_CHAL_Y_LNG_STOR_SPACE_EXH_FAN_NOT_RUN_CH_HEALTH_AL,1
ESDThing,_ES_ESD_F#_INHI_Y_LNG_STOR_SPACE_EXH_FAN_NOT_RUN_INHIBIT_ACT,1
ESDThing,_ES_ESD_F#_INHO_Y_LNG_STOR_SPACE_EXH_FAN_NOT_RUN_INHIBIT,1
ESDThing,_ES_ESD_F#_OAL_Y_LNG_STOR_SPACE_EXH_FAN_NOT_RUN_CH_OPEN_AL,1
ESDThing,_ES_ESD_F#_RST_Y_LNG_STOR_SPACE_EXH_FAN_NOT_RUN_RESET,1
ESDThing,_ES_ESD_F#_SAL_Y_LNG_STOR_SPACE_EXH_FAN_NOT_RUN_CH_SHORT_AL,1
ESDThing,_ES_ESD_G#_CA_Y_GDS-#_INSIDE_GAS_DUCT_OF_DF_GE_CAUSE_ACT,2
ESDThing,_ES_ESD_G#_SI_Y_GDS-#_INSIDE_GAS_DUCT_OF_DF_GE_SIG_INPUT,2
ESDThing,_ES_ESD_G#_Y_GDS-#_INSIDE_GAS_DUCT_OF_DF_GE,2
ESDThing,_ES_ESD_G#_CA_Y_GDS-INSIDE_VENT_OUTLET_OF_GE_GRU_CAUSE_ACT,1
ESDThing,_ES_ESD_G#_SI_Y_GDS-INSIDE_VENT_OUTLET_OF_GE_GRU_SIG_INPUT,1
ESDThing,_ES_ESD_G#_Y_GDS-INSIDE_VENT_OUTLET_OF_GE_GRU,1
ESDThing,_ES_ESD_G#_CA_Y_GDS-BATT_RM_GAS_VENT_OUTLET#_CO#_CAUSE_ACT,2
ESDThing,_ES_ESD_G#_SI_Y_GDS-BATT_RM_GAS_VENT_OUTLET#_CO#_SIG_INPUT,2
ESDThing,_ES_ESD_G#_Y_GDS-BATT_RM_GAS_VENT_OUTLET#_CO#_,2
ESDThing,_ES_ESD_G#_CA_Y_GDS-#_ABOVE_DF_GENERATOR_ENGINE_CAUSE_ACT,2
ESDThing,_ES_ESD_G#_SI_Y_GDS-#_ABOVE_DF_GENERATOR_ENGINE_SIG_INPUT,2
ESDThing,_ES_ESD_G#_Y_GDS-#_ABOVE_DF_GENERATOR_ENGINE,2
ESDThing,_ES_ESD_G#_CA_Y_GDS-LNG_BUNKER_STATION_ROOM_CAUSE_ACT,1
ESDThing,_ES_ESD_G#_SI_Y_GDS-LNG_BUNKER_STATION_ROOM_SIG_INPUT,1
ESDThing,_ES_ESD_G#_Y_GDS-LNG_BUNKER_STATION_ROOM,1
ESDThing,_ES_ESD_G#_CA_Y_GDS-#_ABOVE_GRU_CAUSE_ACT,2
ESDThing,_ES_ESD_G#_SI_Y_GDS-#_ABOVE_GRU_SIG_INPUT_SIG_INPUT,1
ESDThing,_ES_ESD_G#_Y_GDS-#_ABOVE_GRU,2
ESDThing,_ES_ESD_G#_SI_Y_GDS-#_ABOVE_GRU_SIG_INPUT,1
ESDThing,_ES_ESD_G#_CA_Y_GDS-NO#_TCS#_CAUSE_ACT,6
ESDThing,_ES_ESD_G#_SI_Y_GDS-NO#_TCS#_SIG_INPUT,6
ESDThing,_ES_ESD_G#_Y_GDS-NO_#_TCS#,3
ESDThing,_ES_ESD_G#_Y_GDS-NO#_TCS#,3
ESDThing,_ES_ESD_G#_CA_Y_GDS-AIR_LOCK_FOR_LNG_BUNKER_STATION_CAUSE_ACT,1
ESDThing,_ES_ESD_G#_SI_Y_GDS-AIR_LOCK_FOR_LNG_BUNKER_STATION_SIG_INPUT,1
ESDThing,_ES_ESD_G#_Y_GDS-AIR_LOCK_FOR_LNG_BUNKER_STATION,1
ESDThing,_ES_ESD_G#_CA_Y_GDS-AIR_LOCK_FOR_LNG_FUEL_STR_SPACE_CAUSE_ACT,1
ESDThing,_ES_ESD_G#_SI_Y_GDS-AIR_LOCK_FOR_LNG_FUEL_STR_SPACE_SIG_INPUT,1
ESDThing,_ES_ESD_G#_Y_GDS-AIR_LOCK_FOR_LNG_FUEL_STORAGE_SPACE,1
ESDThing,_ES_ESD_G#_CA_Y_GDS-COOLING_FW_EXPANSION_TANK_CAUSE_ACT,1
ESDThing,_ES_ESD_G#_SI_Y_GDS-COOLING_FW_EXPANSION_TANK_SIG_INPUT,1
ESDThing,_ES_ESD_G#_Y_GDS-COOLING_F_W_EXPANSION_TANK,1
ESDThing,_ES_ESD_G#_CA_Y_GDS-#_OIL_MIST_OUT_VENT_FOR_DF_GE_CAUSE_ACT,2
ESDThing,_ES_ESD_G#_SI_Y_GDS-#_OIL_MIST_OUT_VENT_FOR_DF_GE_SIG_INPUT,2
ESDThing,_ES_ESD_G#_Y_GDS-#_OIL_MIST_OUT_VENT_FOR_DF_GE,2
ESDThing,_ES_ESD_G#_CA_Y_GDS-GW_TANK_CAUSE_ACT,1
ESDThing,_ES_ESD_G#_SI_Y_GDS-GW_TANK_SIG_INPUT,1
ESDThing,_ES_ESD_G#_Y_GDS-GW_TANK,1
ESDThing,_ES_ESD_G#_Y_GDS-PANEL_INSIDE,1
ESDThing,_ES_ESD_I#_CA_Y_INSTRUMENT_AIR_PRESS_LL_CAUSE_ACT,1
ESDThing,_ES_ESD_S#_OVI_Y_SSL_LOCAL_ESD_OVERRIDE_ACT,1
ESDThing,_ES_ESD_S#_OVO_Y_SSL_LOCAL_ESD_OVERRIDE,1
ESDThing,_ES_ESD_S#_CA_Y_SSL_REMOTE_ESD_CAUSE_ACT,1
ESDThing,_ES_ESD_S#_CHAL_Y_SSL_REMOTE_ESD_CH_HEALTH_AL,1
ESDThing,_ES_ESD_S#_INHI_Y_SSL_REMOTE_ESD_INHIBIT_ACT,1
ESDThing,_ES_ESD_S#_INHO_Y_SSL_REMOTE_ESD_INHIBIT,1
ESDThing,_ES_ESD_S#_OAL_Y_SSL_REMOTE_ESD_CH_OPEN_AL,1
ESDThing,_ES_ESD_S#_RST_Y_SSL_REMOTE_ESD_RESET,1
ESDThing,_ES_ESD_S#_SAL_Y_SSL_REMOTE_ESD_CH_SHORT_AL,1
ESDThing,_ES_ESD_S#_Y_SSL_REMOTE_ESD,1
ESDThing,_ES_ESD_S#_CHAL_Y_SSL_COMM_ALARM_CH_HELATH_AL,1
ESDThing,_ES_ESD_S#_OAL_Y_SSL_COMM_ALARM_CH_OPEN_AL,1
ESDThing,_ES_ESD_S#_SAL_Y_SSL_COMM_ALARM_CH_SHORT_AL,1
ESDThing,_ES_ESD_S#_Y_SSL_COMM_ALARM,1
ESDThing,_ES_ESD_S#_CHAL_Y_SSL_REMOTE_ESD_FIRST_INDICATION_CH_HELATH_AL,1
ESDThing,_ES_ESD_S#_OAL_Y_SSL_REMOTE_ESD_FIRST_INDICATION_CH_OPEN_AL,1
ESDThing,_ES_ESD_S#_SAL_Y_SSL_REMOTE_ESD_FIRST_INDICATION_CH_SHORT_AL,1
ESDThing,_ES_ESD_S#_Y_SSL_REMOTE_ESD_FIRST_INDICATION,1
ESDThing,_ES_G#A_#_OVI_Y_TK#_VAPOR_MAIN_VV_SV_G#A_OVERRIDE_ACT,1
ESDThing,_ES_G#A_#_OVO_Y_TK#_VAPOR_MAIN_VV_SV_G#A_OVERRIDE,1
ESDThing,_ES_G#B_#_OVI_Y_TK#_VAPOR_MAIN_VV_SV_G#B_OVERRIDE_ACT,1
ESDThing,_ES_G#B_#_OVO_Y_TK#_VAPOR_MAIN_VV_SV_G#B_OVERRIDE,1
ESDThing,_ES_G#A_OVI_Y_TK#_BOG_MAIN_VV_SV_G#AE_OVERRIDE_ACT,1
ESDThing,_ES_G#A_OVO_Y_TK#_BOG_MAIN_VV_SV_G#AE_OVERRIDE,1
ESDThing,_ES_G#B_OVI_Y_TK#_BOG_MAIN_VV_SVE_G#BE_OVERRIDE_ACT,1
ESDThing,_ES_G#B_OVO_Y_TK#_BOG_MAIN_VV_SVE_G#BE_OVERRIDE,1
ESDThing,_ES_G#_#_OVI_Y_BS_RETURN_VV_SV_G#_OVERRIDE_ACT,1
ESDThing,_ES_G#_#_OVO_Y_BS_RETURN_VV_SV_G#_OVERRIDE,1
ESDThing,_ES_G#_OVI_Y_VAPORIZER_DISCH_VV_SV_G#E_OVERRIDE_ACT,1
ESDThing,_ES_G#_OVO_Y_VAPORIZER_DISCH_VV_SV_G#E_OVERRIDE,1
ESDThing,_ES_GE#_#_OVI_Y_GAS_TRIP_TO_NO_#_GE_OVERRIDE_ACT,2
ESDThing,_ES_GE#_#_OVO_Y_GAS_TRIP_TO_NO_#_GE_OVERRIDE,1
ESDThing,_ES_GE#_#_CA_Y_NO_#_GE_TRIP_TO_FGSS_CAUSE_ACT,2
ESDThing,_ES_GWP#_CHAL_Y_NO_#_GW_PP_EMCY_STOP_CH_HEALTH_AL,2
ESDThing,_ES_GWP#_EA_Y_NO_#_GW_PP_EMCY_STOP_EFFECT_SIG_,2
ESDThing,_ES_GWP#_OAL_Y_NO_#_GW_PP_EMCY_STOP_CH_OPEN_AL,2
ESDThing,_ES_GWP#_OVI_Y_NO_#_GW_PP_EMCY_STOP_OVERRIDE_ACT,2
ESDThing,_ES_GWP#_OVO_Y_NO_#_GW_PP_EMCY_STOP_OVERRIDE,2
ESDThing,_ES_GWP#_RST_Y_NO_#_GW_PP_EMCY_STOP_RESET,2
ESDThing,_ES_GWP#_SAL_Y_NO_#_GW_PP_EMCY_STOP_CH_SHORT_AL,2
ESDThing,_ES_GWP#_Y_NO_#_GW_PP_EMCY_STOP,2
ESDThing,_ES_H#_CHAL_Y_GW_HEATER_EMCY_STOP_CH_HEALTH_AL,1
ESDThing,_ES_H#_EA_Y_GW_HEATER_EMCY_STOP_EFFECT_SIG_,1
ESDThing,_ES_H#_OAL_Y_GW_HEATER_EMCY_STOP_CH_OPEN_AL,1
ESDThing,_ES_H#_OVI_Y_GW_HEATER_EMCY_STOP_OVERRIDE_ACT,1
ESDThing,_ES_H#_OVO_Y_GW_HEATER_EMCY_STOP_OVERRIDE,1
ESDThing,_ES_H#_RST_Y_GW_HEATER_EMCY_STOP_RESET,1
ESDThing,_ES_H#_SAL_Y_GW_HEATER_EMCY_STOP_CH_SHORT_AL,1
ESDThing,_ES_H#SF_CA_Y_GW_HEATER_FAULT_ESD_CAUSE_ACT,1
ESDThing,_ES_H#_Y_GW_HEATER_EMCY_STOP,1
ESDThing,_ES_L#A_#_OVI_Y_TK#_FILLING_ISOLATION_VV_SV_L#A_OVERRIDE_ACT,1
ESDThing,_ES_L#A_#_OVO_Y_TK#_FILLING_ISOLATION_VV_SV_L#A_OVERRIDE,1
ESDThing,_ES_L#B_#_OVI_Y_TK#_FILLING_ISOLATION_VV_SV_L#B_OVERRIDE_ACT,1
ESDThing,_ES_L#B_#_OVO_Y_TK#_FILLING_ISOLATION_VV_SV_L#B_OVERRIDE,1
ESDThing,_ES_L#A_OVI_Y_TK#_BOTTOM_FILLING_VV_SV_L#A_OVERRIDE_ACT,1
ESDThing,_ES_L#A_OVO_Y_TK#_BOTTOM_FILLING_VV_SV_L#A_OVERRIDE,1
ESDThing,_ES_L#B_OVI_Y_TK#_BOTTOM_FILLING_VV_SV_L#B_OVERRIDE_ACT,1
ESDThing,_ES_L#A_OVI_Y_TK#_TOP_FILLING_VV_SV_L#A_OVERRIDE_ACT,1
ESDThing,_ES_L#A_OVO_Y_TK#_TOP_FILLING_VV_SV_L#A_OVERRIDE,1
ESDThing,_ES_L#B_OVI_Y_TK#_TOP_FILLING_VV_SV_L#B_OVERRIDE_ACT,1
ESDThing,_ES_L#B_OVO_Y_TK#_TOP_FILLING_VV_SV_L#B_OVERRIDE,1
ESDThing,_ES_L#A_#_OVI_Y_TK#_LNG_MAIN_VV_SV_L#A_OVERRIDE_ACT,1
ESDThing,_ES_L#A_#_OVO_Y_TK#_LNG_MAIN_VV_SV_L#A_OVERRIDE,1
ESDThing,_ES_L#B_#_OVI_Y_TK#_LNG_MAIN_VV_SV_L#B_OVERRIDE_ACT,1
ESDThing,_ES_L#B_#_OVO_Y_TK#_LNG_MAIN_VV_SV_L#B_OVERRIDE,1
ESDThing,_ES_L#_#_OVI_Y_BS_INLET_VV_SV_L#_OVERRIDE_ACT,1
ESDThing,_ES_L#_#_OVO_Y_BS_INLET_VV_SV_L#_OVERRIDE,1
ESDThing,_ES_LIT_GW#_H_Y_GW_TANK_LEVEL_HIGH_ALARM,1
ESDThing,_ES_LIT_GW#LL_CA_Y_GW_TANK_LEVEL_LL_CAUSE_ACT,1
ESDThing,_ES_LIT_GW#_L_Y_GW_TANK_LEVEL_LOW_ALARM,1
ESDThing,_ES_LIT_GW#_Y_GW_TANK_LEVEL,1
ESDThing,_ES_LS_D#_Y_VENT_MAST_LNG_LEVEL,1
ESDThing,_ES_LT_L#ABKHH_CA_Y_TK#_LVL_HH_BK_MODE_CAUSE_ACT,1
ESDThing,_ES_LT_L#A_HTH_Y_TANK#_TOPS_RADAR_FAILURE,1
ESDThing,_ES_LT_L#ALL_CA_Y_TK#_LVL_LL_CAUSE_ACT,1
ESDThing,_ES_LT_L#AVYHH_CA_Y_TK#_LVL_HH_VY_MODE_CAUSE_ACT,1
ESDThing,_ES_LT_L#A_Y_LNG_TANK#_TOPS_LEVEL,1
ESDThing,_ES_LT_L#BBKHH_CA_Y_TK#_LVL_HH_BK_MODE_CAUSE_ACT,1
ESDThing,_ES_LT_L#B_HTH_Y_TANK#_TOPS_RADAR_FAILURE,1
ESDThing,_ES_LT_L#BLL_CA_Y_TK#_LVL_LL_CAUSE_ACT,1
ESDThing,_ES_LT_L#BVYHH_CA_Y_TK#_LVL_HH_VY_MODE_CAUSE_ACT,1
ESDThing,_ES_LT_L#B_Y_LNG_TANK#_TOPS_LEVEL,1
ESDThing,_ES_PIT_GW#LL_CA_Y_GW_PP_DISCH_PRESS_LL_CAUSE_ACT,1
ESDThing,_ES_PIT_GW#_Y_GW_PP_DISCH_PRESS,1
ESDThing,_ES_PIT_L#AHH_CA_Y_TK#_ESD_PRESS_HH_CAUSE_ACT,1
ESDThing,_ES_PIT_L#ALL_CA_Y_TK#_ESD_PRESS_LL_CAUSE_ACT,1
ESDThing,_ES_PIT_L#A_Y_TK#_ESD_PRESS,1
ESDThing,_ES_PIT_L#BHH_CA_Y_TK#_ESD_PRESS_HH_CAUSE_ACT,1
ESDThing,_ES_PIT_L#BLL_CA_Y_TK#_ESD_PRESS_LL_CAUSE_ACT,1
ESDThing,_ES_PIT_L#B_Y_TK#_ESD_PRESS,1
ESDThing,_ES_PIT_L#_L_Y_BS_INLET_PRESS_LOW_ALARM,1
ESDThing,_ES_PIT_L#_Y_BS_INLET_PRESS,1
ESDThing,_ES_RTD#_CH#_Y_RACK#_SLOT#_RTD_#_ANALOG_INPUT_CH#,8
ESDThing,_ES_TE_D#LL_CA_Y_TCS#_BILGE_WELL_TEMP_LL_CAUSE_ACT,1
ESDThing,_ES_TE_D#_Y_TCS#_BILGE_WELL_TEMP,1
ESDThing,_ES_TE_G#HH_CA_Y_VAPORIZER_OUTLET_ESD_TEMP_HH_CAUSE_ACT,1
ESDThing,_ES_TE_G#LL_CA_Y_VAPORIZER_OUTLET_ESD_TEMP_LL_CAUSE_ACT,1
ESDThing,_ES_TE_G#_Y_VAPORIZER_OUTLET_ESD_TEMP,1
ESDThing,_ES_TE_L#ALL_CA_Y_TK#_BILGE_WELL_TEMP_LL_CAUSE_ACT,1
ESDThing,_ES_TE_L#A_Y_TK#_BILGE_WELL_TEMP,1
ESDThing,_ES_TE_L#BLL_CA_Y_TK#_BILGE_WELL_TEMP_LL_CAUSE_ACT,1
ESDThing,_ES_TE_L#B_Y_TK#_BILGE_WELL_TEMP,1
ESDThing,_ES_TE_L#LL_CA_Y_BS_DRIP_TRAY_TEMP_LL_CAUSE_ACT,1
ESDThing,_ES_TE_L#_Y_BS_DRIP_TRAY_TEMP,1
ESDThing,_ES_TOPS_HTH_PUL_Y_TOPS_SYSTEM_ALIVE_HEART_BIT_PULSE_#s,1
ESDThing,VOYAGE_MODE,1
FGThing,BOG_PRESS,1
FGThing,BOG_TEMP,1
FGThing,_FG_G#_#_Y_PRESS_CTRL_VV_ZC_G#_CTRL,1
FGThing,_FG_G#_#_Y_PRESS_CTRL_VV_ZT_G#_POSITION,1
FGThing,_FG_GW#_#_Y_GW_TEMP_CTRL_#-WAY_VV_ZC_GW#_CTRL,1
FGThing,_FG_GW#_#_Y_GW_TEMP_CTRL_#-WAY_VV_ZT_GW#_POSITION,1
FGThing,_FG_L#E_#_OVI_Y_PBU_#_LNG_INLET_VV_SV_L#E_OVERRIDE_ACT,2
FGThing,_FG_L#E_#_OVO_Y_PBU_#_LNG_INLET_VV_SV_L#E_OVERRIDE,2
FGThing,_FG_PDIT_GW#_Y_NO_#_GW_PP_INLET_FILTER_DIFF_PRESS,2
FGThing,_FG_PIT_G#_Y_VAPORIZER_OUTLET_PRESS,1
FGThing,_FG_PIT_GW#_Y_GW_PP_DISCH_PRESS,1
FGThing,_FG_PIT_GW#_Y_VAPORIZER_OUTLET_GW_PRESS,1
FGThing,_FG_PIT_GW#_Y_PBU_OULET_GW_PRESS,1
FGThing,_FG_TE_G#_Y_VAPORIZER_OUTLET_TEMP,1
FGThing,_FG_TE_GW#_Y_GW_HEATER_OUTLET_TEMP,1
FGThing,_FG_TE_GW#_Y_GW_SUPPLY_TEMP,1
FGThing,_FG_TE_GW#_Y_VAPORIZER_OUTLET_GW_TEMP,1
FGThing,_FG_TE_GW#_Y_PBU_OULET_GW_TEMP,1
FGThing,G_E#_MASTER_GAS_V_V_OPENED,2
FGThing,LNG_SUPPLY_PRESS,1
FGThing,LNG_SUPPLY_TEMP,1
GE#TurbuCharger#Thing,ExhGasInletTempA,1
GE#TurbuCharger#Thing,ExhGasOutletTemp,1
GE#TurbuCharger#Thing,LOInletPress,1
GE#TurbuCharger#Thing,RPM,1
GEDWPipe_ExtFan#,RunningState,2
GE_FOSupPump#,_FO_AC_#_Y_NO_#_GE_F_O_SUPPLY_PP_START,2
GE_FOSupPump#,_FO_AC_#_Y_NO_#_GE_F_O_SUPPLY_PP_STOP,2
GE_FOSupPump#,_FO_AC_#_Y_NO_#_GE_F_O_SUPPLY_PP_REMOTE,2
GE_FOSupPump#,_FO_AC_#_Y_NO_#_GE_F_O_SUPPLY_PP_ABN,2
GE_FOSupPump#,RunningState,2
GE_PFSupPump#,_GE_FOP#_#_Y_GE_PILOT_FUEL_OIL_SUP_UNIT_PP_#_STARTSTOP,2
GE_PFSupPump#,_GE_FOP#_#_Y_GE_PILOT_FUEL_OIL_SUP_UNIT_PP_#_REMOTE,2
GE_PFSupPump#,_GE_FOP#_Y_GE_PILOT_FUEL_OIL_SUP_UNIT_FILTER_ABN,1
GE_PFSupPump#,RunningState,2
GEThing,E_G_RUN,1
GEThing,_GE_FOP#SB_Y_GE_PILOT_FUEL_OIL_SUP_UNIT_PP_STBY_start_,1
GEThing,_GE_FOP#_Y_GE_PILOT_FUEL_OIL_SUP_UNIT_COMM_ABN,1
GEThing,_GE_GE#_Y_GE_M_G_O_FILTER_ABN,1
GWHeater,_FG_H#_#_Y_GW_HEATER_STARTSTOP,1
GWHeater,_FG_H#_#_Y_GW_HEATER_REMOTE,1
GWHeater,RunningState,1
GWPump#,_FG_GWP#_#_Y_NO_#_GW_PP_STARTSTOP,2
GWPump#,_FG_GWP#_#_Y_NO_#_GW_PP_REMOTE,2
GWPump#,RunningState,2
ISS.CMS.Thing,LIST,1
ISS.CMS.Thing,TRIM,1
ISS.CMS.Thing,X_AXIS,1
ISS.CMS.Thing,Y_AXIS,1
ISS.CMS.Thing,Z_AXIS,1
ISS.FIREGROUP,_#_#_#,131
LNGStorSpace_ExhFan,RunningState,1
LOPurifier#,_LP_AM#_Y_LO_PURIFIER_HEATER_RUN,1
LOPurifier#,_LP_AM#_Y_LO_PURIFIER_HEATER_ABN,1
LOPurifier#,_LP_PF#_Y_L_O_PURIFIER_ABN_EMCY_STOP_,1
LOPurifier#,_LP_PF#_Y_L_O_PURIFIER_INLET_TEMP,1
LOPurifier#,StopState,1
LTCFWPump#,_MI_AC_#_Y_NO_#_L_T_C_F_W_PP_START,2
LTCFWPump#,_MI_AC_#_Y_NO_#_L_T_C_F_W_PP_STOP,2
LTCFWPump#,_MI_AC_#_Y_NO_#_L_T_C_F_W_PP_REMOTE,2
LTCFWPump#,_MI_AC_#_Y_NO_#_L_T_C_F_W_PP_ABN,2
LTCFWPump#,_MI_AC_#_Y_NO_#_MAIN_C_S_W_PP_REMOTE,1
LTCFWPump#,RunningState,2
MainCSWPump#,_MI_AC_#_Y_NO_#_MAIN_C_S_W_PP_START,2
MainCSWPump#,RunningState,2
MainCSWPump#,_MI_AC_#_Y_NO_#_MAIN_C_S_W_PP_STOP,1
MainCSWPump#,_MI_AC_#_Y_NO_#_MAIN_C_S_W_PP_REMOTE,1
MainCSWPump#,_MI_AC_#_Y_NO_#_MAIN_C_S_W_PP_ABN,1
ME#FlowmeterThing,FOMassFlowFM,1
MGOPurifier#,_OP_PF#_Y_M_G_O_PURIFIER_ABN_EMCY_STOP_,1
MGOPurifier#,_OP_PF#_Y_M_G_O_PURIFIER_INLET_TEMP,1
MGOPurifier#,StopState,1
MiscellMachineThing,AC#V_SWBD_COMM_ALM,1
MiscellMachineThing,E_G_COMM_ABN,1
MiscellMachineThing,ESBD_ABN,1
MiscellMachineThing,_FA_AM#_Y_FIRE_DETECTION_SYS_ABN,1
MiscellMachineThing,_MA_AM#_Y_N#_MAIN_LINE_PRESS,1
MiscellMachineThing,_MI_AC_#_Y_PROP_RM_FAN_START_AFT_MAIN_PWR_RECOVERY,1
MiscellMachineThing,_MI_AC_#_Y_PROP_RM_FAN_RUNNING,1
MiscellMachineThing,_MI_AC_#_Y_NO_#_MAIN_C_S_W_PP_STOP,1
MiscellMachineThing,_MI_AC_#_Y_NO_#_MAIN_C_S_W_PP_ABN,1
MiscellMachineThing,_MI_AM#_Y_P_A_SYSTEM_ABN,1
MiscellMachineThing,_MI_AM#_Y_AUTO_SPR_PP_STARTER_PNL_MAIN_PWR_FAIL,1
MiscellMachineThing,_MI_AM#_Y_BUNKER_SATION_AIR_LOCK_ABN,1
MiscellMachineThing,_MI_AM#_Y_AC_ROOM_AIR_LOCK_ABN,1
MiscellMachineThing,_MI_AM#_Y_PASSENGER_DOOR_P_ABN,1
MiscellMachineThing,_MI_AM#_Y_PASSENGER_DOOR_S_ABN,1
MiscellMachineThing,_MI_AM#_Y_ECR_PACK_AIR_COND_ABN,1
MiscellMachineThing,_MI_AM#_Y_WH_PACK_AIR_COND_ABN,1
MiscellMachineThing,_MI_AM#_Y_LABORATORY_PACK_AIR_COND_ABN,1
MiscellMachineThing,_MI_AM#_Y_PER_TEAM_LOUNGE_PACK_AIR_COND_ABN,1
MiscellMachineThing,_MI_AM#_Y_HYB_BATT_RM_PACK_AIR_COND_ABN,1
MiscellMachineThing,_MI_AM#_Y_SHAFT_EARTHING_METER_STBD_ABN,1
MiscellMachineThing,_MI_AM#_Y_F_W_SUPPLY_UNIT_ABN,1
MiscellMachineThing,_MI_AM#_Y_ICCP_ABN,1
MiscellMachineThing,_MI_AM#_Y_MGPS_ABN,1
MiscellMachineThing,_MI_AM#_Y_AC_COMP_ABN,1
MiscellMachineThing,_MI_AM#_Y_OILY_BILGE_SEP_ABN,1
MiscellMachineThing,_MI_AM#_Y_BILGE_TRANS_PP_LONG_RUN,1
MiscellMachineThing,_MI_AM#_Y_NO_#_MAIN_AIR_COMP_ABN,2
MiscellMachineThing,_MI_AM#_Y_STERILIZER_ABN,1
MiscellMachineThing,_MI_AM#_Y_FWD_DECK_MACHINERY_ABN,1
MiscellMachineThing,_MI_AM#_Y_AFT_DECK_MACHINERY_ABN,1
MiscellMachineThing,_MI_AM#_Y_OILY_BILGE_SEP_FEED_PP_LONG_RUN,1
MiscellMachineThing,_MI_AM#_Y_VACUUM_COLLECTING_UNIT_ABN,1
MiscellMachineThing,_MI_AM#_Y_AC_HEATER_ABN,1
MiscellMachineThing,_MI_AM#_Y_AHU_FAN_ABN,1
MiscellMachineThing,_MI_AM#_Y_HEAT_TRACING_FOR_SLUDGE_LINE_ABN,1
MiscellMachineThing,_MI_AM#_Y_W_T_SLINDING_DOOR_UPS_ABN,1
MiscellMachineThing,_MI_AM#_Y_LNG_BUNK_ST_FAN_STBY_start_,1
MiscellMachineThing,_MI_AM#_Y_AIR_LOCK_SUP_FAN_STBY_start_FOR_LNG_BUNK_ST_,1
MiscellMachineThing,_MI_AM#_Y_SHAFT_EARTHING_METER_PORT_ABN,1
MiscellMachineThing,_MI_AM#_Y_F_W_HYD_TANK_UNIT_ABN,1
MiscellMachineThing,_MI_AM#_Y_AC_HEATER_RUN,1
MiscellMachineThing,_MI_BSP#_#_Y_OILY_BILGE_SEP_FEED_PP_RUNNING,1
MiscellMachineThing,_MI_EL#_Y_IAS_PSU#_ABN,2
MiscellMachineThing,_MI_EL#_Y_IAS_FS#_PSU#_ABN,8
MiscellMachineThing,_NQS_#_Y_METHANE_NUMBER,1
MiscellMachineThing,_NQS_#_Y_METHANE_CONCENTRATION,1
MiscellMachineThing,_NQS_#_Y_ETHANE_CONCENTRATION,1
MiscellMachineThing,_NQS_#_Y_PROPANE_CONCENTRATION,1
MiscellMachineThing,_NQS_#_Y_BUTANE_CONCENTRATION,1
MiscellMachineThing,_NQS_#_Y_OTHER_CONCENTRATION,1
MiscellMachineThing,_NQS_#_Y_WOBBE_INDEX,1
MiscellMachineThing,_NQS_#_Y_DENSITY,1
MiscellMachineThing,_NQS_#_Y_LOWER_HEATING_VALUE_LHV_,1
MiscellMachineThing,_NQS_#_Y_GAS_TEMP,1
MiscellMachineThing,_NQS_#_Y_GAS_PRESSURE,1
MiscellMachineThing,_SW_PT#_Y_MAIN_C_S_W_PP_OUTLET_PRESS,1
MiscellMachineThing,_WW_AM#_Y_FIRE_MAIN_LINE_PRESS,1
PMS,Alarm_MainBus_VoltLow,1
PMS,MainBus#_Current,2
PMS,MainBus#_Frequency,2
PMS,MainBus#_Voltage,2
PMS,State_MainBus_ACB,1
PMS,State_MCC#_ACB_Closed,1
PMSThing,AC#V_PREFERENTIAL_TRIP_#,2
PMSThing,AC#V_SWBD_BUS_TIE_CB_CLOSED,1
PMSThing,DCC#_BATT_ALARM,1
PMSThing,DCC#_BATT_CURR_ACTUAL_VALUE,1
PMSThing,DCC#_BATT_PULSES_ON,1
PMSThing,DCC#_BATT_TRIP,1
PMSThing,DCC#_BATT_VOL,1
PMSThing,DCC#_POWER_STACKTEMP,1
PMSThing,DCP_ISOLATOR_CLOSE_STATUS,1
PMSThing,DCP_MAIN_FUSE_N_FAULT,1
PMSThing,DCP_MAIN_FUSE_P_FAULT,1
PMSThing,NO#_AC#V_INCOMING_CB_CLOSED,2
PMSThing,NO#_AC#V_SWBD_BLK_OUT,2
PMSThing,NO#_ES#LM#_BUSTIE_ACB_CLOSED,2
PMSThing,_PM_DC#_#_Y_INV#_THRUSTER_PHASE_U_CURR,1
PMSThing,_PM_DC#_#_Y_INV#_THRUSTER_PHASE_V_CURR,1
PMSThing,_PM_DC#_#_Y_INV#_THRUSTER_PHASE_W_CURR,1
PMSThing,_PM_DC#_#_#_Y_SSCB_CLOSED_STATUS,1
PMSThing,_PM_DC#_#_#_Y_DCSWBD_AUX_POWER_FAILURE,1
PMSThing,_PM_DC#_#_#_Y_COMMUNICATION_ALIVE_SIGNAL,2
PMSThing,_PM_DC#_#_#_Y_DCC#_BATTERIES_REMOTE,1
PMSThing,_PM_DC#_#_#_Y_INV#_THRUSTER_READY_FOR_RUN,1
PMSThing,_PM_DC#_#_#_Y_DCC#_BATTERIES_READY_FOR_RUN,1
PMSThing,_PM_DC#_#_#_Y_DCC#_BATTERIES_SLOWDOWN,1
PMSThing,_PM_DC#_#_#_Y_DCC#_BATTERIES_READY_FOR_USE,1
PMSThing,_PM_DC#_#_#_Y_DC_BUS_WCU_ALARM_WATER_COOLING_UNIT_,1
PMSThing,_PM_DC#_#_#_Y_SSCB_CLOSED_ORDER_NOT_ALARM,1
PMSThing,_PM_DC#_#_#_Y_SSCB_OPENED_ORDER_NOT_ALARM,1
PMSThing,_PM_DC#_#_#_Y_DC_BUS_WATER_LEAKAGE_ALARM,1
PMSThing,_PM_DC#_#_#_Y_DCC#_BATTERIES_OVERTEMP_ALARM,1
PMSThing,_PM_DC#_#_#_Y_DCC_BATERIES_AMBIENT_OVERTEMP_ALARM,1
PMSThing,_PM_DC#_#_#_Y_DCC#_BATTERIES_DC_BUS_OVERVOLTAGE_TRIP,1
PMSThing,_PM_DC#_#_#_Y_DCC#_BATTERIES_INPUT_OVERVOLTAGE,1
PMSThing,_PM_DC#_#_#_Y_DCC#_BATTERIES_INPUT_UNDERVOLTAGE,1
PMSThing,_PM_DC#_#_#_Y_DCC#_BATTERIES_OVERTEMP_TRIP,1
PMSThing,_PM_DC#_#_#_Y_DCC#_BATTERIES_OVERCURR_TRIP,1
PMSThing,_PM_DC#_#_#_Y_DCC#_BATTERIES_RESET_ALARMS_AND_TRIPS,1
PMSThing,_PM_DC#_#_#_Y_DCC#_SHUTDOWN,1
PMSThing,_PM_DC#_#_Y_SEMIDRIVE_BATTERY_DISCHARGE_POWER_LIMIT,1
PMSThing,_PM_DC#_#_Y_SEMIDRIVE_BATTERY_CHARGE_POWER_LIMIT,1
PMSThing,_PM_DC#_#_Y_BATTERY_POWER_OFFSET,1
PMSThing,_PM_EL#_Y_MAIN_BATT_CHARGER_COMM_ABN,1
PMSThing,_PM_ESBDCB_Y_ESBD_CB_REMOTE,1
PMSThing,_PM_LM#_Y_NO_#_AC#V_SWBD_EMCY_STOP_SOURCE_FAIL,2
PMSThing,_PM_LM#CB_#_Y_NO_#_AC#V_INCOMING_CB_REMOTE,2
PMSThing,_PM_LMBT_#_Y_AC#V_SWBD_BUS-TIE_CB_REMOTE,1
PMSThing,_PM_LMSCB_#_Y_SHORE_PWR_CB_REMOTE,1
PMSThing,_PM_PB#_Y_DCP_ISOLATOR_OPEN_STATUS_,1
PMSThing,_PM_PB#_Y_DCP_EMCY_STOP_,1
PMSThing,_PM_PB#_Y_DCP_EMCY_STOP_STATUS_,1
PMSThing,_PM_PM#_Y_SFC#_STOP,2
PMSThing,_PM_PM#_Y_SFC#_START,2
PMSThing,_PM_PM#_Y_SFC#_READY_TO_START,2
PMSThing,_PM_PM#_Y_SFC#_RUNNING,2
PMSThing,_PM_PM#_Y_SFC#_ON_REMOTE_CTRL,2
PMSThing,_PM_PM#_Y_SFC#_EMCY_STOP_ACTIVATED_,2
PMSThing,_PM_PM#_Y_SFC#_EXT_EMCY_STOP,2
PMSThing,SHORE_PWR_ACB_CLOSED,1
Port_SteerGear#,RunningState,2
Port_SteerGear#,_SG_P#_Y_PORT_SGEAR_NO_#_MOTOR_OVERLOAD,2
ReductionGearThing,NO#_R_G_AXIAL_BEARING_TEMP_IN_SHAFT,2
ReductionGearThing,NO#_R_G_BEARING_TEMP_IN_SHAFT_TEAH#,4
ReductionGearThing,NO#_R_G_BEARING_TEMP_OUT_SHAFT_TEAH#,4
ReductionGearThing,NO#_R_G_HOUSING_VIBRATION_XE#,4
ReductionGearThing,NO#_R_G_LO_IN_TEMP,2
ReductionGearThing,NO#_R_G_LUBRICATION_PRESS,2
ReductionGearThing,NO#_R_G_THRUST_BEARING_AHEAD_TEMP,2
ReductionGearThing,_RD_PP#_#_Y_NO_#_RG_STBY_PP_STOP,2
ReductionGearThing,_RD_PP#_#_Y_NO_#_RG_STBY_PP_START,2
ReductionGearThing,_RD_PP#_#_Y_NO_#_RG_STBY_PP_REMOTE,2
ReductionGearThing,_RD_PP#_#_Y_NO_#_RG_STBY_PP_RUNNING,2
ReductionGearThing,_RD_PP#_#_Y_NO_#_RG_STBY_PP_ABN,2
ReductionGearThing,_RD_RG#_Y_NO_#_PROP_MOTOR_STOPPED_TO_RG_,2
ReductionGearThing,_RD_RG#_Y_NO_#_RG_TURNING_DEVICE_RUNNING,2
ReductionGearThing,_RD_RG#_Y_NO_#_RG_TURNING_DEVICE_ABN,2
RemoteLevelThing,E_G_MGO_TK_LEVEL_L,1
RemoteLevelThing,EL_TK#_TK_WEIGHT,4
RemoteLevelThing,_EL_TK#_Y_NO_#_M_G_O_SERV_TK_LEVEL,2
RemoteLevelThing,_EL_TK#_Y_M_G_O_STOR_TK_C_LEVEL,1
RemoteLevelThing,_EL_TK#_Y_M_G_O_STOR_TK_S_LEVEL,1
RemoteLevelThing,_LX_WB#_Y_NO_#_W_B_TK_C_LEVEL,1
RemoteLevelThing,_LX_WB#_Y_NO_#_W_B_TK_P_LEVEL,1
RemoteLevelThing,_LX_WB#_Y_NO_#_W_B_TK_S_LEVEL,2
RemoteLevelThing,MGO_STOR_TK_C_CALC_VOL,1
RemoteLevelThing,MGO_STOR_TK_C_LEVEL,1
RemoteLevelThing,MGO_STOR_TK_S_CALC_VOL,1
RemoteLevelThing,MGO_STOR_TK_S_LEVEL,1
RemoteLevelThing,NO#_MGO_SERV_TK_CALC_VOL,2
RemoteLevelThing,NO#_MGO_SERV_TK_LEVEL,2
RemoteLevelThing,NO#_WB_TK_C_CALC_VOL,1
RemoteLevelThing,NO#_WB_TK_C_LEVEL,1
RemoteLevelThing,NO#_WB_TK_P_CALC_VOL,2
RemoteLevelThing,NO#_WB_TK_P_LEVEL,2
RemoteLevelThing,NO#_WB_TK_S_CALC_VOL,2
RemoteLevelThing,NO#_WB_TK_S_LEVEL,2
SGen#,Alarm_Sys_A_ACB_Trip,1
SGen#,Grid_A_InvPower,1
SGen#,Grid_B_InvPower,1
SGen#,State_Grid_A_ACB_Closed,1
SGen#,State_Grid_B_ACB_Closed,1
SGen#,State_Sys_A_ACB_Closed,1
SGen#,State_Sys_B_ACB_Closed,1
ShipBoilerTotalThing,DoUse,1
ShipBoilerTotalThing,HFOUse,1
Stbd_SteerGear#,RunningState,2
Stbd_SteerGear#,_SG_S#_Y_STBD_SGEAR_NO_#_MOTOR_OVERLOAD,2
